form_weight,market_aware_weight,top1_hit_rate,top3_hit_rate,mrr,mean_winner_rank,objective_value
0.0,1.0,0.0,0.0,0.15567631126637338,7.080745341614906,0.0
0.001,0.999,0.0,0.0,0.15567631126637338,7.080745341614906,0.0
0.002,0.998,0.0,0.0,0.15567631126637338,7.080745341614906,0.0
0.003,0.997,0.0,0.0,0.15567631126637338,7.080745341614906,0.0
0.004,0.996,0.0,0.0,0.15567631126637338,7.080745341614906,0.0
0.005,0.995,0.0,0.0,0.15567631126637338,7.080745341614906,0.0
0.006,0.994,0.0,0.0,0.15567631126637338,7.080745341614906,0.0
0.007,0.993,0.0,0.0,0.15567631126637338,7.080745341614906,0.0
0.008,0.992,0.0,0.0,0.15567631126637338,7.080745341614906,0.0
0.009000000000000001,0.991,0.0,0.0,0.15567631126637338,7.080745341614906,0.0
0.01,0.99,0.0,0.0,0.15567631126637338,7.080745341614906,0.0
0.011,0.989,0.0,0.0,0.15567631126637338,7.080745341614906,0.0
0.012,0.988,0.0,0.0,0.15567631126637338,7.080745341614906,0.0
0.013000000000000001,0.987,0.0,0.0,0.15567631126637338,7.080745341614906,0.0
0.014,0.986,0.0,0.0,0.15567631126637338,7.080745341614906,0.0
0.015,0.985,0.0,0.0,0.15567631126637338,7.080745341614906,0.0
0.016,0.984,0.0,0.0,0.15567631126637338,7.080745341614906,0.0
0.017,0.983,0.0,0.0,0.15567631126637338,7.080745341614906,0.0
0.018000000000000002,0.982,0.0,0.0,0.15567631126637338,7.080745341614906,0.0
0.019,0.981,0.0,0.0,0.15567631126637338,7.080745341614906,0.0
0.02,0.98,0.0,0.0,0.15567631126637338,7.080745341614906,0.0
0.021,0.979,0.0,0.0,0.15567631126637338,7.080745341614906,0.0
0.022,0.978,0.0,0.0,0.15567631126637338,7.080745341614906,0.0
0.023,0.977,0.0,0.0,0.15567631126637338,7.080745341614906,0.0
0.024,0.976,0.0,0.0,0.15567631126637338,7.080745341614906,0.0
0.025,0.975,0.0,0.0,0.15567631126637338,7.080745341614906,0.0
0.026000000000000002,0.974,0.0,0.0,0.15567631126637338,7.080745341614906,0.0
0.027,0.973,0.0,0.0,0.15567631126637338,7.080745341614906,0.0
0.028,0.972,0.0,0.0,0.15567631126637338,7.080745341614906,0.0
0.029,0.971,0.0,0.0,0.15567631126637338,7.080745341614906,0.0
0.03,0.97,0.0,0.0,0.15567631126637338,7.080745341614906,0.0
0.031,0.969,0.0,0.0,0.15567631126637338,7.080745341614906,0.0
0.032,0.968,0.0,0.0,0.15567631126637338,7.080745341614906,0.0
0.033,0.967,0.0,0.0,0.15567631126637338,7.080745341614906,0.0
0.034,0.966,0.0,0.0,0.15567631126637338,7.080745341614906,0.0
0.035,0.965,0.0,0.0,0.15567631126637338,7.080745341614906,0.0
0.036000000000000004,0.964,0.0,0.0,0.15567631126637338,7.080745341614906,0.0
0.037,0.963,0.0,0.0,0.15567631126637338,7.080745341614906,0.0
0.038,0.962,0.0,0.0,0.15567631126637338,7.080745341614906,0.0
0.039,0.961,0.0,0.0,0.15567631126637338,7.080745341614906,0.0
0.04,0.96,0.0,0.0,0.15567631126637338,7.080745341614906,0.0
0.041,0.959,0.0,0.0,0.15567631126637338,7.080745341614906,0.0
0.042,0.958,0.0,0.0,0.15607313666319877,7.068322981366459,0.0
0.043000000000000003,0.957,0.0,0.0,0.15607313666319877,7.068322981366459,0.0
0.044,0.956,0.0,0.0,0.15607313666319877,7.068322981366459,0.0
0.045,0.955,0.0,0.0,0.15607313666319877,7.068322981366459,0.0
0.046,0.954,0.0,0.0,0.15607313666319877,7.068322981366459,0.0
0.047,0.953,0.0,0.0,0.15607313666319877,7.068322981366459,0.0
0.048,0.952,0.0,0.0,0.15607313666319877,7.068322981366459,0.0
0.049,0.951,0.0,0.0,0.15607313666319877,7.068322981366459,0.0
0.05,0.95,0.0,0.0,0.15607313666319877,7.068322981366459,0.0
0.051000000000000004,0.949,0.0,0.0,0.15618405059398852,7.062111801242236,0.0
0.052000000000000005,0.948,0.0,0.0,0.15618405059398852,7.062111801242236,0.0
0.053,0.947,0.0,0.0,0.1558734915877773,7.068322981366459,0.0
0.054,0.946,0.0,0.0,0.1558734915877773,7.068322981366459,0.0
0.055,0.945,0.0,0.0,0.1558734915877773,7.068322981366459,0.0
0.056,0.944,0.0,0.0,0.15602137682883024,7.062111801242236,0.0
0.057,0.943,0.0,0.0,0.15602137682883024,7.062111801242236,0.0
0.058,0.942,0.0,0.0,0.15602137682883024,7.062111801242236,0.0
0.059000000000000004,0.941,0.0,0.0,0.15602137682883024,7.062111801242236,0.0
0.06,0.94,0.0,0.0,0.15602137682883024,7.062111801242236,0.0
0.061,0.9390000000000001,0.0,0.0,0.15602137682883024,7.062111801242236,0.0
0.062,0.938,0.0,0.0,0.15602137682883024,7.062111801242236,0.0
0.063,0.937,0.0,0.0,0.15607784210268683,7.055900621118012,0.0
0.064,0.9359999999999999,0.0,0.0,0.15607784210268683,7.055900621118012,0.0
0.065,0.935,0.0,0.0,0.15607784210268683,7.055900621118012,0.0
0.066,0.9339999999999999,0.0,0.0,0.15607784210268683,7.055900621118012,0.0
0.067,0.933,0.0,0.0,0.15607784210268683,7.055900621118012,0.0
0.068,0.9319999999999999,0.0,0.0,0.15607784210268683,7.055900621118012,0.0
0.069,0.931,0.0,0.0,0.15607784210268683,7.055900621118012,0.0
0.07,0.9299999999999999,0.0,0.0,0.15607784210268683,7.055900621118012,0.0
0.07100000000000001,0.929,0.0,0.0,0.15607784210268683,7.055900621118012,0.0
0.07200000000000001,0.9279999999999999,0.0,0.0,0.1561468552151782,7.049689440993789,0.0
0.073,0.927,0.0,0.0,0.1561468552151782,7.049689440993789,0.0
0.074,0.926,0.0,0.0,0.1561468552151782,7.049689440993789,0.0
0.075,0.925,0.0,0.0,0.15623312160579242,7.043478260869565,0.0
0.076,0.924,0.0,0.0,0.15623312160579242,7.043478260869565,0.0
0.077,0.923,0.0,0.0,0.15623312160579242,7.043478260869565,0.0
0.078,0.922,0.0,0.0,0.15623312160579242,7.043478260869565,0.0
0.079,0.921,0.0,0.0,0.15623312160579242,7.043478260869565,0.0
0.08,0.92,0.0,0.0,0.15623312160579242,7.043478260869565,0.0
0.081,0.919,0.0,0.0,0.15623312160579242,7.043478260869565,0.0
0.082,0.918,0.0,0.0,0.15623312160579242,7.043478260869565,0.0
0.083,0.917,0.0,0.0,0.15623312160579242,7.043478260869565,0.0
0.084,0.916,0.0,0.0,0.15623312160579242,7.043478260869565,0.0
0.085,0.915,0.0,0.0,0.15623312160579242,7.043478260869565,0.0
0.08600000000000001,0.914,0.0,0.0,0.15623312160579242,7.043478260869565,0.0
0.08700000000000001,0.913,0.0,0.0,0.15623312160579242,7.043478260869565,0.0
0.088,0.912,0.0,0.0,0.15623312160579242,7.043478260869565,0.0
0.089,0.911,0.0,0.0,0.15623312160579242,7.043478260869565,0.0
0.09,0.91,0.0,0.0,0.15623312160579242,7.043478260869565,0.0
0.091,0.909,0.0,0.0,0.15620847406561691,7.043478260869565,0.0
0.092,0.908,0.0,0.0,0.15620847406561691,7.043478260869565,0.0
0.093,0.907,0.0,0.0,0.15620847406561691,7.043478260869565,0.0
0.094,0.906,0.0,0.0,0.15620847406561691,7.043478260869565,0.0
0.095,0.905,0.0,0.0,0.15620847406561691,7.043478260869565,0.0
0.096,0.904,0.0,0.0,0.15620847406561691,7.043478260869565,0.0
0.097,0.903,0.0,0.0,0.15635635930666988,7.037267080745342,0.0
0.098,0.902,0.0,0.0,0.15635635930666988,7.037267080745342,0.0
0.099,0.901,0.0,0.0,0.15635635930666988,7.037267080745342,0.0
0.1,0.9,0.0,0.0,0.15666691831288104,7.031055900621118,0.0
0.101,0.899,0.0,0.0,0.15697747731909223,7.024844720496894,0.0
0.10200000000000001,0.898,0.0,0.0,0.15697747731909223,7.024844720496894,0.0
0.10300000000000001,0.897,0.0,0.0,0.15697747731909223,7.024844720496894,0.0
0.10400000000000001,0.896,0.0,0.0,0.15697747731909223,7.024844720496894,0.0
0.105,0.895,0.0,0.0,0.15697747731909223,7.024844720496894,0.0
0.106,0.894,0.0,0.0,0.15697747731909223,7.024844720496894,0.0
0.107,0.893,0.0,0.0,0.15697747731909223,7.024844720496894,0.0
0.108,0.892,0.0,0.0,0.15686656338830252,7.031055900621118,0.0
0.109,0.891,0.0,0.0,0.15686656338830252,7.031055900621118,0.0
0.11,0.89,0.0,0.0,0.15686656338830252,7.031055900621118,0.0
0.111,0.889,0.0,0.0,0.15686656338830252,7.031055900621118,0.0
0.112,0.888,0.0,0.0,0.1572556153301495,7.012422360248447,0.0
0.113,0.887,0.0,0.0,0.1572556153301495,7.012422360248447,0.0
0.114,0.886,0.0,0.0,0.1572556153301495,7.012422360248447,0.0
0.115,0.885,0.0,0.0,0.1572556153301495,7.012422360248447,0.0
0.116,0.884,0.0,0.0,0.1572556153301495,7.012422360248447,0.0
0.117,0.883,0.0,0.0,0.1572556153301495,7.012422360248447,0.0
0.11800000000000001,0.882,0.0,0.0,0.1572556153301495,7.012422360248447,0.0
0.11900000000000001,0.881,0.0,0.0,0.1572556153301495,7.012422360248447,0.0
0.12,0.88,0.0,0.0,0.1572556153301495,7.012422360248447,0.0
0.121,0.879,0.0,0.0,0.1572556153301495,7.012422360248447,0.0
0.122,0.878,0.0,0.0,0.1572556153301495,7.012422360248447,0.0
0.123,0.877,0.0,0.0,0.1572556153301495,7.012422360248447,0.0
0.124,0.876,0.0,0.0,0.1572556153301495,7.012422360248447,0.0
0.125,0.875,0.0,0.0,0.15693766206188567,7.024844720496894,0.0
0.126,0.874,0.0,0.0,0.15725561533014948,7.012422360248447,0.0
0.127,0.873,0.0,0.0,0.15725561533014948,7.012422360248447,0.0
0.128,0.872,0.0,0.0,0.15725561533014948,7.012422360248447,0.0
0.129,0.871,0.0,0.0,0.15725561533014948,7.012422360248447,0.0
0.13,0.87,0.0,0.0,0.15725561533014948,7.012422360248447,0.0
0.131,0.869,0.0,0.0,0.15716934893953527,7.0186335403726705,0.0
0.132,0.868,0.0,0.0,0.15716934893953527,7.0186335403726705,0.0
0.133,0.867,0.0,0.0,0.15716934893953527,7.0186335403726705,0.0
0.134,0.866,0.0,0.006211180124223602,0.15768694728322058,7.012422360248447,0.0
0.135,0.865,0.0,0.006211180124223602,0.15768694728322058,7.012422360248447,0.0
0.136,0.864,0.0,0.006211180124223602,0.15768694728322058,7.012422360248447,0.0
0.137,0.863,0.0,0.006211180124223602,0.1576179341707292,7.0186335403726705,0.0
0.138,0.862,0.0,0.006211180124223602,0.1576179341707292,7.0186335403726705,0.0
0.139,0.861,0.0,0.006211180124223602,0.1576179341707292,7.0186335403726705,0.0
0.14,0.86,0.0,0.006211180124223602,0.1576179341707292,7.0186335403726705,0.0
0.14100000000000001,0.859,0.0,0.006211180124223602,0.1576179341707292,7.0186335403726705,0.0
0.14200000000000002,0.858,0.0,0.006211180124223602,0.1576179341707292,7.0186335403726705,0.0
0.14300000000000002,0.857,0.0,0.006211180124223602,0.157558780074308,7.0186335403726705,0.0
0.14400000000000002,0.856,0.0,0.006211180124223602,0.157558780074308,7.0186335403726705,0.0
0.145,0.855,0.0,0.006211180124223602,0.157558780074308,7.0186335403726705,0.0
0.146,0.854,0.0,0.006211180124223602,0.157558780074308,7.0186335403726705,0.0
0.147,0.853,0.0,0.006211180124223602,0.157558780074308,7.0186335403726705,0.0
0.148,0.852,0.0,0.006211180124223602,0.157558780074308,7.0186335403726705,0.0
0.149,0.851,0.0,0.006211180124223602,0.157558780074308,7.0186335403726705,0.0
0.15,0.85,0.0,0.006211180124223602,0.157558780074308,7.0186335403726705,0.0
0.151,0.849,0.0,0.006211180124223602,0.1574725136836938,7.024844720496894,0.0
0.152,0.848,0.0,0.006211180124223602,0.1574725136836938,7.024844720496894,0.0
0.153,0.847,0.0,0.006211180124223602,0.1574725136836938,7.024844720496894,0.0
0.154,0.846,0.0,0.006211180124223602,0.1574725136836938,7.024844720496894,0.0
0.155,0.845,0.0,0.006211180124223602,0.1574725136836938,7.024844720496894,0.0
0.156,0.844,0.0,0.006211180124223602,0.1574725136836938,7.024844720496894,0.0
0.157,0.843,0.0,0.006211180124223602,0.1574725136836938,7.024844720496894,0.0
0.158,0.842,0.0,0.006211180124223602,0.1574725136836938,7.024844720496894,0.0
0.159,0.841,0.0,0.006211180124223602,0.1574725136836938,7.024844720496894,0.0
0.16,0.84,0.0,0.006211180124223602,0.1574725136836938,7.024844720496894,0.0
0.161,0.839,0.0,0.006211180124223602,0.1574725136836938,7.024844720496894,0.0
0.162,0.838,0.0,0.006211180124223602,0.1574725136836938,7.024844720496894,0.0
0.163,0.837,0.0,0.006211180124223602,0.1574725136836938,7.024844720496894,0.0
0.164,0.836,0.0,0.006211180124223602,0.1574725136836938,7.024844720496894,0.0
0.165,0.835,0.0,0.006211180124223602,0.1574725136836938,7.024844720496894,0.0
0.166,0.834,0.0,0.006211180124223602,0.1574725136836938,7.024844720496894,0.0
0.167,0.833,0.0,0.006211180124223602,0.15740350057120245,7.031055900621118,0.0
0.168,0.832,0.0,0.006211180124223602,0.15740350057120245,7.031055900621118,0.0
0.169,0.831,0.0,0.006211180124223602,0.15740350057120245,7.031055900621118,0.0
0.17,0.83,0.0,0.006211180124223602,0.15740350057120245,7.031055900621118,0.0
0.171,0.829,0.0,0.006211180124223602,0.15740350057120245,7.031055900621118,0.0
0.17200000000000001,0.828,0.0,0.006211180124223602,0.15740350057120245,7.031055900621118,0.0
0.17300000000000001,0.827,0.0,0.006211180124223602,0.15740350057120245,7.031055900621118,0.0
0.17400000000000002,0.826,0.0,0.012422360248447204,0.15792109891488773,7.024844720496894,0.0
0.17500000000000002,0.825,0.0,0.012422360248447204,0.15792109891488773,7.024844720496894,0.0
0.176,0.8240000000000001,0.0,0.012422360248447204,0.15792109891488773,7.024844720496894,0.0
0.177,0.823,0.0,0.012422360248447204,0.15827355873939725,7.0186335403726705,0.0
0.178,0.8220000000000001,0.0,0.012422360248447204,0.15827355873939725,7.0186335403726705,0.0
0.179,0.821,0.0,0.012422360248447204,0.15827355873939725,7.0186335403726705,0.0
0.18,0.8200000000000001,0.0,0.012422360248447204,0.15827355873939725,7.0186335403726705,0.0
0.181,0.819,0.0,0.012422360248447204,0.15827355873939725,7.0186335403726705,0.0
0.182,0.8180000000000001,0.0,0.012422360248447204,0.15827355873939725,7.0186335403726705,0.0
0.183,0.817,0.0,0.012422360248447204,0.15827355873939725,7.0186335403726705,0.0
0.184,0.8160000000000001,0.0,0.012422360248447204,0.15827355873939725,7.0186335403726705,0.0
0.185,0.815,0.0,0.012422360248447204,0.15827355873939725,7.0186335403726705,0.0
0.186,0.8140000000000001,0.0,0.012422360248447204,0.15827355873939725,7.0186335403726705,0.0
0.187,0.813,0.0,0.012422360248447204,0.15827355873939725,7.0186335403726705,0.0
0.188,0.812,0.0,0.012422360248447204,0.15827355873939725,7.0186335403726705,0.0
0.189,0.8109999999999999,0.0,0.012422360248447204,0.15827355873939725,7.0186335403726705,0.0
0.19,0.81,0.0,0.012422360248447204,0.15827355873939725,7.0186335403726705,0.0
0.191,0.8089999999999999,0.0,0.012422360248447204,0.15827355873939725,7.0186335403726705,0.0
0.192,0.808,0.0,0.012422360248447204,0.15827355873939725,7.0186335403726705,0.0
0.193,0.8069999999999999,0.0,0.012422360248447204,0.15827355873939725,7.0186335403726705,0.0
0.194,0.806,0.0,0.012422360248447204,0.15816264480860753,7.024844720496894,0.0
0.195,0.8049999999999999,0.0,0.012422360248447204,0.15816264480860753,7.024844720496894,0.0
0.196,0.804,0.0,0.012422360248447204,0.15816264480860753,7.024844720496894,0.0
0.197,0.8029999999999999,0.0,0.012422360248447204,0.15816264480860753,7.024844720496894,0.0
0.198,0.802,0.0,0.012422360248447204,0.15816264480860753,7.024844720496894,0.0
0.199,0.8009999999999999,0.0,0.012422360248447204,0.15816264480860753,7.024844720496894,0.0
0.2,0.8,0.0,0.012422360248447204,0.15779786121401027,7.043478260869565,0.0
0.201,0.7989999999999999,0.0,0.012422360248447204,0.15768694728322058,7.049689440993789,0.0
0.202,0.798,0.0,0.012422360248447204,0.15768694728322058,7.049689440993789,0.0
0.203,0.7969999999999999,0.0,0.012422360248447204,0.15768694728322058,7.049689440993789,0.0
0.20400000000000001,0.796,0.0,0.012422360248447204,0.15768694728322058,7.049689440993789,0.0
0.20500000000000002,0.7949999999999999,0.0,0.012422360248447204,0.15768694728322058,7.049689440993789,0.0
0.20600000000000002,0.794,0.0,0.012422360248447204,0.15768694728322058,7.049689440993789,0.0
0.20700000000000002,0.7929999999999999,0.0,0.012422360248447204,0.15783483252427352,7.043478260869565,0.0
0.20800000000000002,0.792,0.0,0.012422360248447204,0.15783483252427352,7.043478260869565,0.0
0.209,0.791,0.0,0.018633540372670808,0.1583524308679588,7.037267080745342,0.0
0.21,0.79,0.0,0.018633540372670808,0.1583524308679588,7.037267080745342,0.0
0.211,0.789,0.0,0.018633540372670808,0.1583524308679588,7.037267080745342,0.0
0.212,0.788,0.0,0.018633540372670808,0.1583524308679588,7.037267080745342,0.0
0.213,0.787,0.0,0.018633540372670808,0.1583524308679588,7.037267080745342,0.0
0.214,0.786,0.0,0.018633540372670808,0.1583524308679588,7.037267080745342,0.0
0.215,0.785,0.0,0.018633540372670808,0.1586806223452186,7.012422360248447,0.0
0.216,0.784,0.0,0.018633540372670808,0.1586806223452186,7.012422360248447,0.0
0.217,0.783,0.0,0.018633540372670808,0.1586806223452186,7.012422360248447,0.0
0.218,0.782,0.0,0.018633540372670808,0.1586806223452186,7.012422360248447,0.0
0.219,0.781,0.0,0.018633540372670808,0.1586806223452186,7.012422360248447,0.0
0.22,0.78,0.0,0.018633540372670808,0.1586806223452186,7.012422360248447,0.0
0.221,0.779,0.0,0.018633540372670808,0.1586806223452186,7.012422360248447,0.0
0.222,0.778,0.0,0.018633540372670808,0.1586806223452186,7.012422360248447,0.0
0.223,0.777,0.0,0.018633540372670808,0.1584735830077445,7.0186335403726705,0.0
0.224,0.776,0.0,0.018633540372670808,0.1584735830077445,7.0186335403726705,0.0
0.225,0.775,0.0,0.018633540372670808,0.1584735830077445,7.0186335403726705,0.0
0.226,0.774,0.0,0.018633540372670808,0.1584735830077445,7.0186335403726705,0.0
0.227,0.773,0.0,0.018633540372670808,0.1584735830077445,7.0186335403726705,0.0
0.228,0.772,0.0,0.018633540372670808,0.1584735830077445,7.0186335403726705,0.0
0.229,0.771,0.0,0.018633540372670808,0.1584735830077445,7.0186335403726705,0.0
0.23,0.77,0.0,0.018633540372670808,0.1584735830077445,7.0186335403726705,0.0
0.231,0.769,0.0,0.018633540372670808,0.1587841420139557,7.012422360248447,0.0
0.232,0.768,0.0,0.018633540372670808,0.1587841420139557,7.012422360248447,0.0
0.233,0.767,0.0,0.018633540372670808,0.1587841420139557,7.012422360248447,0.0
0.234,0.766,0.0,0.018633540372670808,0.1587841420139557,7.012422360248447,0.0
0.23500000000000001,0.765,0.0,0.018633540372670808,0.1587841420139557,7.012422360248447,0.0
0.23600000000000002,0.764,0.0,0.018633540372670808,0.1589320272550086,7.0062111801242235,0.0
0.23700000000000002,0.763,0.0,0.018633540372670808,0.1589320272550086,7.0062111801242235,0.0
0.23800000000000002,0.762,0.0,0.018633540372670808,0.1589320272550086,7.0062111801242235,0.0
0.23900000000000002,0.761,0.0,0.018633540372670808,0.1589320272550086,7.0062111801242235,0.0
0.24,0.76,0.0,0.018633540372670808,0.1587841420139557,7.012422360248447,0.0
0.241,0.759,0.0,0.018633540372670808,0.1587841420139557,7.012422360248447,0.0
0.242,0.758,0.0,0.018633540372670808,0.1587841420139557,7.012422360248447,0.0
0.243,0.757,0.0,0.018633540372670808,0.15884060728781224,7.0062111801242235,0.0
0.244,0.756,0.0,0.018633540372670808,0.15884060728781224,7.0062111801242235,0.0
0.245,0.755,0.0,0.018633540372670808,0.15884060728781224,7.0062111801242235,0.0
0.246,0.754,0.0,0.018633540372670808,0.15884060728781224,7.0062111801242235,0.0
0.247,0.753,0.0,0.018633540372670808,0.15884060728781224,7.0062111801242235,0.0
0.248,0.752,0.0,0.018633540372670808,0.15884060728781224,7.0062111801242235,0.0
0.249,0.751,0.0,0.018633540372670808,0.15884060728781224,7.0062111801242235,0.0
0.25,0.75,0.0,0.018633540372670808,0.15867076332914842,7.024844720496894,0.0
0.251,0.749,0.0,0.018633540372670808,0.15804038956212868,7.043478260869565,0.0
0.252,0.748,0.0,0.018633540372670808,0.15804038956212868,7.043478260869565,0.0
0.253,0.747,0.0,0.018633540372670808,0.15804038956212868,7.043478260869565,0.0
0.254,0.746,0.0,0.018633540372670808,0.15804038956212868,7.043478260869565,0.0
0.255,0.745,0.0,0.018633540372670808,0.15804038956212868,7.043478260869565,0.0
0.256,0.744,0.0,0.018633540372670808,0.15804038956212868,7.043478260869565,0.0
0.257,0.743,0.0,0.018633540372670808,0.15804038956212868,7.043478260869565,0.0
0.258,0.742,0.0,0.018633540372670808,0.15804038956212868,7.043478260869565,0.0
0.259,0.741,0.0,0.018633540372670808,0.15804038956212868,7.043478260869565,0.0
0.26,0.74,0.0,0.018633540372670808,0.15804038956212868,7.043478260869565,0.0
0.261,0.739,0.0,0.018633540372670808,0.15804038956212868,7.043478260869565,0.0
0.262,0.738,0.0,0.018633540372670808,0.15804038956212868,7.043478260869565,0.0
0.263,0.737,0.0,0.018633540372670808,0.15804038956212868,7.043478260869565,0.0
0.264,0.736,0.0,0.018633540372670808,0.15804038956212868,7.043478260869565,0.0
0.265,0.735,0.0,0.018633540372670808,0.15797137644963732,7.049689440993789,0.0
0.266,0.734,0.0,0.018633540372670808,0.15797137644963732,7.049689440993789,0.0
0.267,0.733,0.0,0.018633540372670808,0.15817841578711142,7.043478260869565,0.0
0.268,0.732,0.0,0.018633540372670808,0.15817841578711142,7.043478260869565,0.0
0.269,0.731,0.0,0.018633540372670808,0.15817841578711142,7.043478260869565,0.0
0.27,0.73,0.0,0.018633540372670808,0.15806750185632173,7.049689440993789,0.0
0.271,0.729,0.0,0.018633540372670808,0.15806750185632173,7.049689440993789,0.0
0.272,0.728,0.0,0.018633540372670808,0.15806750185632173,7.049689440993789,0.0
0.273,0.727,0.0,0.018633540372670808,0.1578949690750933,7.055900621118012,0.0
0.274,0.726,0.0,0.018633540372670808,0.1578949690750933,7.055900621118012,0.0
0.275,0.725,0.0,0.018633540372670808,0.1578949690750933,7.055900621118012,0.0
0.276,0.724,0.0,0.018633540372670808,0.1578949690750933,7.055900621118012,0.0
0.277,0.723,0.0,0.018633540372670808,0.1578949690750933,7.055900621118012,0.0
0.278,0.722,0.0,0.018633540372670808,0.1578949690750933,7.055900621118012,0.0
0.279,0.721,0.0,0.018633540372670808,0.1578949690750933,7.055900621118012,0.0
0.28,0.72,0.0,0.018633540372670808,0.15804285431614626,7.049689440993789,0.0
0.281,0.719,0.0,0.018633540372670808,0.15804285431614626,7.049689440993789,0.0
0.28200000000000003,0.718,0.0,0.018633540372670808,0.15804285431614626,7.049689440993789,0.0
0.28300000000000003,0.717,0.0,0.018633540372670808,0.15804285431614626,7.049689440993789,0.0
0.28400000000000003,0.716,0.0,0.018633540372670808,0.15804285431614626,7.049689440993789,0.0
0.28500000000000003,0.715,0.0,0.018633540372670808,0.15804285431614626,7.049689440993789,0.0
0.28600000000000003,0.714,0.0,0.018633540372670808,0.15774954858805793,7.062111801242236,0.0
0.28700000000000003,0.713,0.0,0.018633540372670808,0.15774954858805793,7.062111801242236,0.0
0.28800000000000003,0.712,0.0,0.018633540372670808,0.15774954858805793,7.062111801242236,0.0
0.289,0.7110000000000001,0.0,0.018633540372670808,0.15774954858805793,7.062111801242236,0.0
0.29,0.71,0.0,0.018633540372670808,0.15770249419317744,7.068322981366459,0.0
0.291,0.7090000000000001,0.0,0.018633540372670808,0.15770249419317744,7.068322981366459,0.0
0.292,0.708,0.0,0.018633540372670808,0.1577715073056688,7.062111801242236,0.0
0.293,0.7070000000000001,0.0,0.018633540372670808,0.1577715073056688,7.062111801242236,0.0
0.294,0.706,0.0,0.018633540372670808,0.1577715073056688,7.062111801242236,0.0
0.295,0.7050000000000001,0.0,0.018633540372670808,0.1577715073056688,7.062111801242236,0.0
0.296,0.704,0.0,0.018633540372670808,0.1577715073056688,7.062111801242236,0.0
0.297,0.7030000000000001,0.0,0.018633540372670808,0.1577715073056688,7.062111801242236,0.0
0.298,0.702,0.0,0.018633540372670808,0.1577715073056688,7.062111801242236,0.0
0.299,0.7010000000000001,0.0,0.018633540372670808,0.1577715073056688,7.062111801242236,0.0
0.3,0.7,0.0,0.018633540372670808,0.1578824212364585,7.055900621118012,0.0
0.301,0.6990000000000001,0.0,0.018633540372670808,0.15803030647751143,7.049689440993789,0.0
0.302,0.698,0.0,0.018633540372670808,0.15803030647751143,7.049689440993789,0.0
0.303,0.6970000000000001,0.0,0.018633540372670808,0.15803030647751143,7.049689440993789,0.0
0.304,0.696,0.0,0.018633540372670808,0.15803030647751143,7.049689440993789,0.0
0.305,0.6950000000000001,0.0,0.018633540372670808,0.15803030647751143,7.049689440993789,0.0
0.306,0.694,0.0,0.018633540372670808,0.15803030647751143,7.049689440993789,0.0
0.307,0.6930000000000001,0.0,0.018633540372670808,0.15803030647751143,7.049689440993789,0.0
0.308,0.692,0.0,0.018633540372670808,0.15834086548372261,7.043478260869565,0.0
0.309,0.6910000000000001,0.0,0.018633540372670808,0.15834086548372261,7.043478260869565,0.0
0.31,0.69,0.0,0.018633540372670808,0.15834086548372261,7.043478260869565,0.0
0.311,0.6890000000000001,0.0,0.018633540372670808,0.15834086548372261,7.043478260869565,0.0
0.312,0.688,0.0,0.018633540372670808,0.15834086548372261,7.043478260869565,0.0
0.313,0.687,0.0,0.018633540372670808,0.15834086548372261,7.043478260869565,0.0
0.314,0.6859999999999999,0.0,0.018633540372670808,0.15834086548372261,7.043478260869565,0.0
0.315,0.685,0.0,0.018633540372670808,0.15834086548372261,7.043478260869565,0.0
0.316,0.6839999999999999,0.0,0.018633540372670808,0.15834086548372261,7.043478260869565,0.0
0.317,0.683,0.0,0.018633540372670808,0.15834086548372261,7.043478260869565,0.0
0.318,0.6819999999999999,0.0,0.018633540372670808,0.15834086548372261,7.043478260869565,0.0
0.319,0.681,0.0,0.018633540372670808,0.15854790482119674,7.037267080745342,0.0
0.32,0.6799999999999999,0.0,0.018633540372670808,0.15854790482119674,7.037267080745342,0.0
0.321,0.679,0.0,0.018633540372670808,0.15854790482119674,7.037267080745342,0.0
0.322,0.6779999999999999,0.0,0.018633540372670808,0.15854790482119674,7.037267080745342,0.0
0.323,0.677,0.0,0.018633540372670808,0.15840001958014382,7.043478260869565,0.0
0.324,0.6759999999999999,0.0,0.018633540372670808,0.15840001958014382,7.043478260869565,0.0
0.325,0.675,0.0,0.018633540372670808,0.15840001958014382,7.043478260869565,0.0
0.326,0.6739999999999999,0.0,0.018633540372670808,0.15840001958014382,7.043478260869565,0.0
0.327,0.673,0.0,0.018633540372670808,0.15840001958014382,7.043478260869565,0.0
0.328,0.6719999999999999,0.0,0.018633540372670808,0.15840001958014382,7.043478260869565,0.0
0.329,0.671,0.0,0.018633540372670808,0.15840001958014382,7.043478260869565,0.0
0.33,0.6699999999999999,0.0,0.018633540372670808,0.15840001958014382,7.043478260869565,0.0
0.331,0.669,0.0,0.018633540372670808,0.15840001958014382,7.043478260869565,0.0
0.332,0.6679999999999999,0.0,0.018633540372670808,0.15840001958014382,7.043478260869565,0.0
0.333,0.667,0.0,0.018633540372670808,0.15840001958014382,7.043478260869565,0.0
0.334,0.6659999999999999,0.0,0.018633540372670808,0.1590256879076755,7.0186335403726705,0.0
0.335,0.665,0.0,0.018633540372670808,0.1590256879076755,7.0186335403726705,0.0
0.336,0.6639999999999999,0.0,0.018633540372670808,0.1590256879076755,7.0186335403726705,0.0
0.337,0.663,0.0,0.018633540372670808,0.1590256879076755,7.0186335403726705,0.0
0.338,0.6619999999999999,0.0,0.018633540372670808,0.1590256879076755,7.0186335403726705,0.0
0.339,0.661,0.0,0.018633540372670808,0.1590256879076755,7.0186335403726705,0.0
0.34,0.6599999999999999,0.0,0.018633540372670808,0.1590256879076755,7.0186335403726705,0.0
0.341,0.659,0.0,0.018633540372670808,0.1590256879076755,7.0186335403726705,0.0
0.342,0.6579999999999999,0.0,0.018633540372670808,0.1590256879076755,7.0186335403726705,0.0
0.343,0.657,0.0,0.018633540372670808,0.1590256879076755,7.0186335403726705,0.0
0.34400000000000003,0.6559999999999999,0.0,0.018633540372670808,0.1590256879076755,7.0186335403726705,0.0
0.34500000000000003,0.655,0.0,0.018633540372670808,0.1590256879076755,7.0186335403726705,0.0
0.34600000000000003,0.6539999999999999,0.0,0.018633540372670808,0.1590256879076755,7.0186335403726705,0.0
0.34700000000000003,0.653,0.0,0.018633540372670808,0.1590256879076755,7.0186335403726705,0.0
0.34800000000000003,0.6519999999999999,0.0,0.018633540372670808,0.1590256879076755,7.0186335403726705,0.0
0.34900000000000003,0.651,0.0,0.018633540372670808,0.1590256879076755,7.0186335403726705,0.0
0.35000000000000003,0.6499999999999999,0.0,0.018633540372670808,0.1590256879076755,7.0186335403726705,0.0
0.35100000000000003,0.649,0.0,0.018633540372670808,0.1590256879076755,7.0186335403726705,0.0
0.352,0.648,0.0,0.018633540372670808,0.1590256879076755,7.0186335403726705,0.0
0.353,0.647,0.0,0.024844720496894408,0.15954328625136077,7.012422360248447,0.0
0.354,0.646,0.0,0.024844720496894408,0.15954328625136077,7.012422360248447,0.0
0.355,0.645,0.0,0.024844720496894408,0.15954328625136077,7.012422360248447,0.0
0.356,0.644,0.0,0.024844720496894408,0.15954328625136077,7.012422360248447,0.0
0.357,0.643,0.0,0.024844720496894408,0.15954328625136077,7.012422360248447,0.0
0.358,0.642,0.0,0.024844720496894408,0.15939540101030786,7.0186335403726705,0.0
0.359,0.641,0.0,0.024844720496894408,0.15939540101030786,7.0186335403726705,0.0
0.36,0.64,0.0,0.024844720496894408,0.15970596001651902,7.012422360248447,0.0
0.361,0.639,0.0,0.024844720496894408,0.15970596001651902,7.012422360248447,0.0
0.362,0.638,0.0,0.024844720496894408,0.1600165190227302,7.0062111801242235,0.0
0.363,0.637,0.0,0.024844720496894408,0.1600165190227302,7.0062111801242235,0.0
0.364,0.636,0.0,0.031055900621118012,0.16029010671867816,7.012422360248447,0.0
0.365,0.635,0.0,0.031055900621118012,0.16029010671867816,7.012422360248447,0.0
0.366,0.634,0.0,0.031055900621118012,0.16029010671867816,7.012422360248447,0.0
0.367,0.633,0.0,0.031055900621118012,0.16029010671867816,7.012422360248447,0.0
0.368,0.632,0.0,0.031055900621118012,0.16029010671867816,7.012422360248447,0.0
0.369,0.631,0.0,0.031055900621118012,0.16052179359632773,7.0062111801242235,0.0
0.37,0.63,0.0,0.031055900621118012,0.16052179359632773,7.0062111801242235,0.0
0.371,0.629,0.0,0.031055900621118012,0.16052179359632773,7.0062111801242235,0.0
0.372,0.628,0.0,0.031055900621118012,0.16052179359632773,7.0062111801242235,0.0
0.373,0.627,0.0,0.031055900621118012,0.16052179359632773,7.0062111801242235,0.0
0.374,0.626,0.0,0.031055900621118012,0.16052179359632773,7.0062111801242235,0.0
0.375,0.625,0.0,0.037267080745341616,0.16178643647587745,6.987577639751553,0.0
0.376,0.624,0.0,0.037267080745341616,0.16159665041652618,6.9937888198757765,0.0
0.377,0.623,0.0,0.037267080745341616,0.16159665041652618,6.9937888198757765,0.0
0.378,0.622,0.0,0.037267080745341616,0.16159665041652618,6.9937888198757765,0.0
0.379,0.621,0.0,0.037267080745341616,0.16159665041652618,6.9937888198757765,0.0
0.38,0.62,0.0,0.037267080745341616,0.16159665041652618,6.9937888198757765,0.0
0.381,0.619,0.0,0.043478260869565216,0.1621142487602115,6.987577639751553,0.0
0.382,0.618,0.0,0.043478260869565216,0.1621142487602115,6.987577639751553,0.0
0.383,0.617,0.0,0.043478260869565216,0.1621142487602115,6.987577639751553,0.0
0.384,0.616,0.0,0.043478260869565216,0.1621142487602115,6.987577639751553,0.0
0.385,0.615,0.0,0.043478260869565216,0.16196636351915855,6.9937888198757765,0.0
0.386,0.614,0.0,0.043478260869565216,0.16196636351915855,6.9937888198757765,0.0
0.387,0.613,0.0,0.043478260869565216,0.16196636351915855,6.9937888198757765,0.0
0.388,0.612,0.0,0.043478260869565216,0.16196636351915855,6.9937888198757765,0.0
0.389,0.611,0.0,0.043478260869565216,0.1618431258182811,7.0,0.0
0.39,0.61,0.0,0.043478260869565216,0.1618431258182811,7.0,0.0
0.391,0.609,0.0,0.043478260869565216,0.1618431258182811,7.0,0.0
0.392,0.608,0.0,0.043478260869565216,0.1618431258182811,7.0,0.0
0.393,0.607,0.0,0.043478260869565216,0.1618431258182811,7.0,0.0
0.394,0.606,0.0,0.043478260869565216,0.1618431258182811,7.0,0.0
0.395,0.605,0.0,0.043478260869565216,0.1618431258182811,7.0,0.0
0.396,0.604,0.0,0.043478260869565216,0.1618431258182811,7.0,0.0
0.397,0.603,0.0,0.043478260869565216,0.1618431258182811,7.0,0.0
0.398,0.602,0.0,0.043478260869565216,0.1618431258182811,7.0,0.0
0.399,0.601,0.0,0.043478260869565216,0.1618431258182811,7.0,0.0
0.4,0.6,0.0,0.043478260869565216,0.1616434807428596,7.0,0.0
0.401,0.599,0.0,0.043478260869565216,0.1616434807428596,7.0,0.0
0.402,0.598,0.0,0.043478260869565216,0.1616434807428596,7.0,0.0
0.403,0.597,0.0,0.043478260869565216,0.1616434807428596,7.0,0.0
0.404,0.596,0.0,0.043478260869565216,0.1616434807428596,7.0,0.0
0.405,0.595,0.0,0.043478260869565216,0.1616434807428596,7.0,0.0
0.406,0.594,0.0,0.043478260869565216,0.1616434807428596,7.0,0.0
0.40700000000000003,0.593,0.0,0.043478260869565216,0.1616434807428596,7.0,0.0
0.40800000000000003,0.592,0.0,0.043478260869565216,0.16173960614954402,7.0,0.0
0.40900000000000003,0.591,0.0,0.043478260869565216,0.16173960614954402,7.0,0.0
0.41000000000000003,0.59,0.0,0.043478260869565216,0.16194664548701812,6.9937888198757765,0.0
0.41100000000000003,0.589,0.0,0.043478260869565216,0.16194664548701812,6.9937888198757765,0.0
0.41200000000000003,0.588,0.0,0.043478260869565216,0.16147341271564872,7.0,0.0
0.41300000000000003,0.587,0.0,0.043478260869565216,0.16147341271564872,7.0,0.0
0.41400000000000003,0.586,0.0,0.043478260869565216,0.16147341271564872,7.0,0.0
0.41500000000000004,0.585,0.0,0.043478260869565216,0.16147341271564872,7.0,0.0
0.41600000000000004,0.584,0.0,0.043478260869565216,0.16147341271564872,7.0,0.0
0.417,0.583,0.0,0.043478260869565216,0.16147341271564872,7.0,0.0
0.418,0.5820000000000001,0.0,0.043478260869565216,0.16147341271564872,7.0,0.0
0.419,0.581,0.0,0.043478260869565216,0.16147341271564872,7.0,0.0
0.42,0.5800000000000001,0.0,0.043478260869565216,0.16168045205312284,6.9937888198757765,0.0
0.421,0.579,0.0,0.043478260869565216,0.16168045205312284,6.9937888198757765,0.0
0.422,0.5780000000000001,0.0,0.043478260869565216,0.16168045205312284,6.9937888198757765,0.0
0.423,0.577,0.0,0.043478260869565216,0.16168045205312284,6.9937888198757765,0.0
0.424,0.5760000000000001,0.0,0.043478260869565216,0.16168045205312284,6.9937888198757765,0.0
0.425,0.575,0.0,0.043478260869565216,0.16168045205312284,6.9937888198757765,0.0
0.426,0.5740000000000001,0.0,0.043478260869565216,0.16168045205312284,6.9937888198757765,0.0
0.427,0.573,0.0,0.043478260869565216,0.16168045205312284,6.9937888198757765,0.0
0.428,0.5720000000000001,0.0,0.043478260869565216,0.16168045205312284,6.9937888198757765,0.0
0.429,0.571,0.0,0.049689440993788817,0.1629869957509709,6.975155279503106,0.0
0.43,0.5700000000000001,0.0,0.049689440993788817,0.1629869957509709,6.975155279503106,0.0
0.431,0.569,0.0,0.049689440993788817,0.1629869957509709,6.975155279503106,0.0
0.432,0.5680000000000001,0.0,0.049689440993788817,0.1629869957509709,6.975155279503106,0.0
0.433,0.567,0.0,0.049689440993788817,0.1629869957509709,6.975155279503106,0.0
0.434,0.5660000000000001,0.0,0.049689440993788817,0.16313488099202386,6.968944099378882,0.0
0.435,0.565,0.0,0.049689440993788817,0.16302396706123412,6.975155279503106,0.0
0.436,0.5640000000000001,0.0,0.049689440993788817,0.16302396706123412,6.975155279503106,0.0
0.437,0.563,0.0,0.049689440993788817,0.16302396706123412,6.975155279503106,0.0
0.438,0.562,0.0,0.049689440993788817,0.16302396706123412,6.975155279503106,0.0
0.439,0.5609999999999999,0.0,0.049689440993788817,0.16302396706123412,6.975155279503106,0.0
0.44,0.56,0.0,0.049689440993788817,0.16302396706123412,6.975155279503106,0.0
0.441,0.5589999999999999,0.0,0.049689440993788817,0.16302396706123412,6.975155279503106,0.0
0.442,0.558,0.0,0.049689440993788817,0.16313488099202386,6.968944099378882,0.0
0.443,0.5569999999999999,0.0,0.049689440993788817,0.16313488099202386,6.968944099378882,0.0
0.444,0.556,0.0,0.049689440993788817,0.16313488099202386,6.968944099378882,0.0
0.445,0.5549999999999999,0.0,0.049689440993788817,0.162876461013107,6.9813664596273295,0.0
0.446,0.554,0.0,0.049689440993788817,0.162876461013107,6.9813664596273295,0.0
0.447,0.5529999999999999,0.0,0.049689440993788817,0.162876461013107,6.9813664596273295,0.0
0.448,0.552,0.0,0.049689440993788817,0.162876461013107,6.9813664596273295,0.0
0.449,0.5509999999999999,0.0,0.049689440993788817,0.162876461013107,6.9813664596273295,0.0
0.45,0.55,0.0,0.049689440993788817,0.162876461013107,6.9813664596273295,0.0
0.451,0.5489999999999999,0.0,0.049689440993788817,0.16313526018494962,6.968944099378882,0.0
0.452,0.548,0.0,0.049689440993788817,0.16334229952242374,6.962732919254658,0.0
0.453,0.5469999999999999,0.0,0.049689440993788817,0.16334229952242374,6.962732919254658,0.0
0.454,0.546,0.0,0.049689440993788817,0.16334229952242374,6.962732919254658,0.0
0.455,0.5449999999999999,0.0,0.049689440993788817,0.16317469624923042,6.968944099378882,0.0
0.456,0.544,0.0,0.049689440993788817,0.16317469624923042,6.968944099378882,0.0
0.457,0.5429999999999999,0.0,0.049689440993788817,0.16317469624923042,6.968944099378882,0.0
0.458,0.542,0.0,0.049689440993788817,0.16317469624923042,6.968944099378882,0.0
0.459,0.5409999999999999,0.0,0.049689440993788817,0.16308842985861619,6.975155279503106,0.0
0.46,0.54,0.0,0.049689440993788817,0.16308842985861619,6.975155279503106,0.0
0.461,0.5389999999999999,0.0,0.049689440993788817,0.16308842985861619,6.975155279503106,0.0
0.462,0.538,0.0,0.049689440993788817,0.16370954787103853,6.962732919254658,0.0
0.463,0.5369999999999999,0.0,0.049689440993788817,0.16370954787103853,6.962732919254658,0.0
0.464,0.536,0.0,0.049689440993788817,0.16370954787103853,6.962732919254658,0.0
0.465,0.5349999999999999,0.0,0.049689440993788817,0.16370954787103853,6.962732919254658,0.0
0.466,0.534,0.0,0.049689440993788817,0.16370954787103853,6.962732919254658,0.0
0.467,0.5329999999999999,0.0,0.055900621118012424,0.16429615932721522,6.950310559006211,0.0
0.468,0.532,0.0,0.055900621118012424,0.16429615932721522,6.950310559006211,0.0
0.46900000000000003,0.5309999999999999,0.0,0.055900621118012424,0.16429615932721522,6.950310559006211,0.0
0.47000000000000003,0.53,0.0,0.055900621118012424,0.16429615932721522,6.950310559006211,0.0
0.47100000000000003,0.5289999999999999,0.0,0.055900621118012424,0.1646067183334264,6.944099378881988,0.0
0.47200000000000003,0.528,0.0,0.055900621118012424,0.1646067183334264,6.944099378881988,0.0
0.47300000000000003,0.5269999999999999,0.0,0.055900621118012424,0.1644958044026367,6.950310559006211,0.0
0.47400000000000003,0.526,0.0,0.049689440993788817,0.16425463770184268,6.956521739130435,0.0
0.47500000000000003,0.5249999999999999,0.0,0.049689440993788817,0.16425463770184268,6.956521739130435,0.0
0.47600000000000003,0.524,0.0,0.049689440993788817,0.16425463770184268,6.956521739130435,0.0
0.47700000000000004,0.5229999999999999,0.0,0.049689440993788817,0.16425463770184268,6.956521739130435,0.0
0.47800000000000004,0.522,0.0,0.049689440993788817,0.16425463770184268,6.956521739130435,0.0
0.47900000000000004,0.5209999999999999,0.0,0.049689440993788817,0.16425463770184268,6.956521739130435,0.0
0.48,0.52,0.0,0.049689440993788817,0.16425463770184268,6.956521739130435,0.0
0.481,0.519,0.0,0.049689440993788817,0.16425463770184268,6.956521739130435,0.0
0.482,0.518,0.0,0.049689440993788817,0.16425463770184268,6.956521739130435,0.0
0.483,0.517,0.0,0.049689440993788817,0.16425463770184268,6.956521739130435,0.0
0.484,0.516,0.0,0.049689440993788817,0.1644616770393168,6.950310559006211,0.0
0.485,0.515,0.0,0.049689440993788817,0.1644616770393168,6.950310559006211,0.0
0.486,0.514,0.0,0.049689440993788817,0.1644616770393168,6.950310559006211,0.0
0.487,0.513,0.0,0.049689440993788817,0.1644616770393168,6.950310559006211,0.0
0.488,0.512,0.0,0.049689440993788817,0.1644616770393168,6.950310559006211,0.0
0.489,0.511,0.0,0.049689440993788817,0.1644616770393168,6.950310559006211,0.0
0.49,0.51,0.0,0.049689440993788817,0.1644616770393168,6.950310559006211,0.0
0.491,0.509,0.0,0.049689440993788817,0.1644616770393168,6.950310559006211,0.0
0.492,0.508,0.0,0.049689440993788817,0.1644616770393168,6.950310559006211,0.0
0.493,0.507,0.0,0.049689440993788817,0.1644616770393168,6.950310559006211,0.0
0.494,0.506,0.0,0.049689440993788817,0.1644616770393168,6.950310559006211,0.0
0.495,0.505,0.0,0.049689440993788817,0.1644616770393168,6.950310559006211,0.0
0.496,0.504,0.0,0.049689440993788817,0.1644616770393168,6.950310559006211,0.0
0.497,0.503,0.0,0.049689440993788817,0.1644616770393168,6.950310559006211,0.0
0.498,0.502,0.0,0.049689440993788817,0.1644616770393168,6.950310559006211,0.0
0.499,0.501,0.0,0.049689440993788817,0.1644616770393168,6.950310559006211,0.0
0.5,0.5,0.0,0.06832298136645963,0.16615249829535544,6.944099378881988,0.0
0.501,0.499,0.0,0.07453416149068323,0.16641853660487202,6.956521739130435,0.0
0.502,0.498,0.0,0.07453416149068323,0.16641853660487202,6.956521739130435,0.0
0.503,0.497,0.0,0.07453416149068323,0.16641853660487202,6.956521739130435,0.0
0.504,0.496,0.0,0.07453416149068323,0.16641853660487202,6.956521739130435,0.0
0.505,0.495,0.0,0.07453416149068323,0.16641853660487202,6.956521739130435,0.0
0.506,0.494,0.0,0.07453416149068323,0.16641853660487202,6.956521739130435,0.0
0.507,0.493,0.0,0.07453416149068323,0.16641853660487202,6.956521739130435,0.0
0.508,0.492,0.0,0.07453416149068323,0.16641853660487202,6.956521739130435,0.0
0.509,0.491,0.0,0.07453416149068323,0.16641853660487202,6.956521739130435,0.0
0.51,0.49,0.0,0.07453416149068323,0.16641853660487202,6.956521739130435,0.0
0.511,0.489,0.0,0.07453416149068323,0.16641853660487202,6.956521739130435,0.0
0.512,0.488,0.0,0.07453416149068323,0.16641853660487202,6.956521739130435,0.0
0.513,0.487,0.0,0.07453416149068323,0.16641853660487202,6.956521739130435,0.0
0.514,0.486,0.0,0.07453416149068323,0.16641853660487202,6.956521739130435,0.0
0.515,0.485,0.0,0.07453416149068323,0.16641853660487202,6.956521739130435,0.0
0.516,0.484,0.0,0.07453416149068323,0.16641853660487202,6.956521739130435,0.0
0.517,0.483,0.0,0.07453416149068323,0.16641853660487202,6.956521739130435,0.0
0.518,0.482,0.0,0.07453416149068323,0.16656642184592496,6.950310559006211,0.0
0.519,0.481,0.0,0.07453416149068323,0.16656642184592496,6.950310559006211,0.0
0.52,0.48,0.0,0.07453416149068323,0.16675412234418444,6.937888198757764,0.0
0.521,0.479,0.0,0.07453416149068323,0.16675412234418444,6.937888198757764,0.0
0.522,0.478,0.0,0.07453416149068323,0.16675412234418444,6.937888198757764,0.0
0.523,0.477,0.0,0.07453416149068323,0.16675412234418444,6.937888198757764,0.0
0.524,0.476,0.0,0.07453416149068323,0.16675412234418444,6.937888198757764,0.0
0.525,0.475,0.0,0.07453416149068323,0.16675412234418444,6.937888198757764,0.0
0.526,0.474,0.0,0.07453416149068323,0.16675412234418444,6.937888198757764,0.0
0.527,0.473,0.0,0.07453416149068323,0.16675412234418444,6.937888198757764,0.0
0.528,0.472,0.0,0.07453416149068323,0.16675412234418444,6.937888198757764,0.0
0.529,0.471,0.0,0.07453416149068323,0.16675412234418444,6.937888198757764,0.0
0.53,0.47,0.0,0.07453416149068323,0.16660623710313152,6.944099378881988,0.0
0.531,0.469,0.0,0.07453416149068323,0.16660623710313152,6.944099378881988,0.0
0.532,0.46799999999999997,0.0,0.07453416149068323,0.16660623710313152,6.944099378881988,0.0
0.533,0.46699999999999997,0.0,0.07453416149068323,0.16660623710313152,6.944099378881988,0.0
0.534,0.46599999999999997,0.0,0.07453416149068323,0.16678824970750436,6.931677018633541,0.0
0.535,0.46499999999999997,0.0,0.07453416149068323,0.16678824970750436,6.931677018633541,0.0
0.536,0.46399999999999997,0.0,0.07453416149068323,0.16678824970750436,6.931677018633541,0.0
0.537,0.46299999999999997,0.0,0.07453416149068323,0.16678824970750436,6.931677018633541,0.0
0.538,0.46199999999999997,0.0,0.07453416149068323,0.16678824970750436,6.931677018633541,0.0
0.539,0.46099999999999997,0.0,0.07453416149068323,0.1668252210177676,6.931677018633541,0.0
0.54,0.45999999999999996,0.0,0.07453416149068323,0.1668252210177676,6.931677018633541,0.0
0.541,0.45899999999999996,0.0,0.07453416149068323,0.1668252210177676,6.931677018633541,0.0
0.542,0.45799999999999996,0.0,0.07453416149068323,0.1668252210177676,6.931677018633541,0.0
0.543,0.45699999999999996,0.0,0.07453416149068323,0.1668252210177676,6.931677018633541,0.0
0.544,0.45599999999999996,0.0,0.07453416149068323,0.1668252210177676,6.931677018633541,0.0
0.545,0.45499999999999996,0.0,0.07453416149068323,0.1668252210177676,6.931677018633541,0.0
0.546,0.45399999999999996,0.0,0.07453416149068323,0.1669536122952272,6.931677018633541,0.0
0.547,0.45299999999999996,0.0,0.07453416149068323,0.1669536122952272,6.931677018633541,0.0
0.548,0.45199999999999996,0.0,0.07453416149068323,0.1669536122952272,6.931677018633541,0.0
0.549,0.45099999999999996,0.0,0.07453416149068323,0.1669536122952272,6.931677018633541,0.0
0.55,0.44999999999999996,0.0,0.07453416149068323,0.1669536122952272,6.931677018633541,0.0
0.551,0.44899999999999995,0.0,0.07453416149068323,0.1669536122952272,6.931677018633541,0.0
0.552,0.44799999999999995,0.0,0.07453416149068323,0.1669536122952272,6.931677018633541,0.0
0.553,0.44699999999999995,0.0,0.07453416149068323,0.1669536122952272,6.931677018633541,0.0
0.554,0.44599999999999995,0.0,0.07453416149068323,0.1669536122952272,6.931677018633541,0.0
0.555,0.44499999999999995,0.0,0.07453416149068323,0.1669536122952272,6.931677018633541,0.0
0.556,0.44399999999999995,0.0,0.08074534161490683,0.16778176964512367,6.919254658385094,0.0
0.557,0.44299999999999995,0.0,0.08074534161490683,0.16778176964512367,6.919254658385094,0.0
0.558,0.44199999999999995,0.0,0.08074534161490683,0.16778176964512367,6.919254658385094,0.0
0.559,0.44099999999999995,0.0,0.08074534161490683,0.16778176964512367,6.919254658385094,0.0
0.56,0.43999999999999995,0.0,0.08074534161490683,0.16778176964512367,6.919254658385094,0.0
0.561,0.43899999999999995,0.0,0.08074534161490683,0.16769550325450946,6.925465838509317,0.0
0.562,0.43799999999999994,0.0,0.08074534161490683,0.16769550325450946,6.925465838509317,0.0
0.5630000000000001,0.43699999999999994,0.0,0.08074534161490683,0.16904125894809124,6.913043478260869,0.0
0.5640000000000001,0.43599999999999994,0.0,0.08074534161490683,0.16904125894809124,6.913043478260869,0.0
0.5650000000000001,0.43499999999999994,0.0,0.08074534161490683,0.16904125894809124,6.913043478260869,0.0
0.5660000000000001,0.43399999999999994,0.0,0.08074534161490683,0.16904125894809124,6.913043478260869,0.0
0.5670000000000001,0.43299999999999994,0.0,0.08074534161490683,0.16904125894809124,6.913043478260869,0.0
0.5680000000000001,0.43199999999999994,0.0,0.08074534161490683,0.16904125894809124,6.913043478260869,0.0
0.5690000000000001,0.43099999999999994,0.0,0.08074534161490683,0.16904125894809124,6.913043478260869,0.0
0.5700000000000001,0.42999999999999994,0.0,0.08074534161490683,0.16904125894809124,6.913043478260869,0.0
0.5710000000000001,0.42899999999999994,0.0,0.08074534161490683,0.16904125894809124,6.913043478260869,0.0
0.5720000000000001,0.42799999999999994,0.0,0.08695652173913043,0.16946766139312724,6.919254658385094,0.0
0.5730000000000001,0.42699999999999994,0.0,0.08695652173913043,0.16946766139312724,6.919254658385094,0.0
0.5740000000000001,0.42599999999999993,0.0,0.08695652173913043,0.16946766139312724,6.919254658385094,0.0
0.5750000000000001,0.42499999999999993,0.0,0.08695652173913043,0.16946766139312724,6.919254658385094,0.0
0.5760000000000001,0.42399999999999993,0.0,0.08695652173913043,0.16946766139312724,6.919254658385094,0.0
0.577,0.42300000000000004,0.0,0.08695652173913043,0.1697782203993384,6.913043478260869,0.0
0.578,0.42200000000000004,0.0,0.08695652173913043,0.1697782203993384,6.913043478260869,0.0
0.579,0.42100000000000004,0.0,0.08695652173913043,0.16964019417435566,6.925465838509317,0.0
0.58,0.42000000000000004,0.0,0.08695652173913043,0.16964019417435566,6.925465838509317,0.0
0.581,0.41900000000000004,0.0,0.08695652173913043,0.16964019417435566,6.925465838509317,0.0
0.582,0.41800000000000004,0.0,0.08695652173913043,0.16964019417435566,6.925465838509317,0.0
0.583,0.41700000000000004,0.0,0.08695652173913043,0.16964019417435566,6.925465838509317,0.0
0.584,0.41600000000000004,0.0,0.08695652173913043,0.16969665944821224,6.919254658385094,0.0
0.585,0.41500000000000004,0.0,0.08695652173913043,0.16969665944821224,6.919254658385094,0.0
0.586,0.41400000000000003,0.0,0.08695652173913043,0.16969665944821224,6.919254658385094,0.0
0.587,0.41300000000000003,0.0,0.08695652173913043,0.16969665944821224,6.919254658385094,0.0
0.588,0.41200000000000003,0.0,0.08695652173913043,0.16969665944821224,6.919254658385094,0.0
0.589,0.41100000000000003,0.0,0.08695652173913043,0.1700072184544234,6.913043478260869,0.0
0.59,0.41000000000000003,0.0,0.08695652173913043,0.1700072184544234,6.913043478260869,0.0
0.591,0.40900000000000003,0.0,0.08695652173913043,0.17021425779189753,6.906832298136646,0.0
0.592,0.40800000000000003,0.0,0.08695652173913043,0.17021425779189753,6.906832298136646,0.0
0.593,0.40700000000000003,0.0,0.08695652173913043,0.17021425779189753,6.906832298136646,0.0
0.594,0.406,0.0,0.08695652173913043,0.17021425779189753,6.906832298136646,0.0
0.595,0.405,0.0,0.08695652173913043,0.17021425779189753,6.906832298136646,0.0
0.596,0.404,0.0,0.08695652173913043,0.17021425779189753,6.906832298136646,0.0
0.597,0.403,0.0,0.08695652173913043,0.17021425779189753,6.906832298136646,0.0
0.598,0.402,0.0,0.08695652173913043,0.17021425779189753,6.906832298136646,0.0
0.599,0.401,0.0,0.08695652173913043,0.17021425779189753,6.906832298136646,0.0
0.6,0.4,0.0,0.08695652173913043,0.1701107381231605,6.913043478260869,0.0
0.601,0.399,0.0,0.08695652173913043,0.1702194113684797,6.919254658385094,0.0
0.602,0.398,0.0,0.08695652173913043,0.1702194113684797,6.919254658385094,0.0
0.603,0.397,0.0,0.08695652173913043,0.1702194113684797,6.919254658385094,0.0
0.604,0.396,0.0,0.08695652173913043,0.1702194113684797,6.919254658385094,0.0
0.605,0.395,0.0,0.09316770186335403,0.17073700971216502,6.913043478260869,0.0
0.606,0.394,0.0,0.09937888198757763,0.1712546080558503,6.906832298136646,0.0
0.607,0.393,0.0,0.09937888198757763,0.1712546080558503,6.906832298136646,0.0
0.608,0.392,0.0,0.09937888198757763,0.1712546080558503,6.906832298136646,0.0
0.609,0.391,0.0,0.09937888198757763,0.1712546080558503,6.906832298136646,0.0
0.61,0.39,0.0,0.09937888198757763,0.1712546080558503,6.906832298136646,0.0
0.611,0.389,0.0,0.09937888198757763,0.1712546080558503,6.906832298136646,0.0
0.612,0.388,0.0,0.09937888198757763,0.1711118763913795,6.919254658385094,0.0
0.613,0.387,0.0,0.09937888198757763,0.1711118763913795,6.919254658385094,0.0
0.614,0.386,0.0,0.09937888198757763,0.1711118763913795,6.919254658385094,0.0
0.615,0.385,0.0,0.09937888198757763,0.1711118763913795,6.919254658385094,0.0
0.616,0.384,0.0,0.09937888198757763,0.1707939231231157,6.931677018633541,0.0
0.617,0.383,0.0,0.09937888198757763,0.1707939231231157,6.931677018633541,0.0
0.618,0.382,0.0,0.09937888198757763,0.1707939231231157,6.931677018633541,0.0
0.619,0.381,0.0,0.09937888198757763,0.1707939231231157,6.931677018633541,0.0
0.62,0.38,0.0,0.09937888198757763,0.17048336411690448,6.937888198757764,0.0
0.621,0.379,0.0,0.09937888198757763,0.17069040345437858,6.931677018633541,0.0
0.622,0.378,0.0,0.09937888198757763,0.17069040345437858,6.931677018633541,0.0
0.623,0.377,0.0,0.09937888198757763,0.17069040345437858,6.931677018633541,0.0
0.624,0.376,0.0,0.09937888198757763,0.17069040345437858,6.931677018633541,0.0
0.625,0.375,0.0,0.09937888198757763,0.17069040345437858,6.931677018633541,0.0
0.626,0.374,0.0,0.09937888198757763,0.17072491001062431,6.925465838509317,0.0
0.627,0.373,0.0,0.09937888198757763,0.17072491001062431,6.925465838509317,0.0
0.628,0.372,0.0,0.09937888198757763,0.17072491001062431,6.925465838509317,0.0
0.629,0.371,0.0,0.09937888198757763,0.17072491001062431,6.925465838509317,0.0
0.63,0.37,0.0,0.09937888198757763,0.17072491001062431,6.925465838509317,0.0
0.631,0.369,0.0,0.09937888198757763,0.17072491001062431,6.925465838509317,0.0
0.632,0.368,0.0,0.09937888198757763,0.17187102062878462,6.913043478260869,0.0
0.633,0.367,0.0,0.09937888198757763,0.17187102062878462,6.913043478260869,0.0
0.634,0.366,0.0,0.09937888198757763,0.17187102062878462,6.913043478260869,0.0
0.635,0.365,0.0,0.09937888198757763,0.17187102062878462,6.913043478260869,0.0
0.636,0.364,0.0,0.09937888198757763,0.17187102062878462,6.913043478260869,0.0
0.637,0.363,0.0,0.09937888198757763,0.1729062173161552,6.906832298136646,0.0
0.638,0.362,0.0,0.09937888198757763,0.1729062173161552,6.906832298136646,0.0
0.639,0.361,0.0,0.09937888198757763,0.1729062173161552,6.906832298136646,0.0
0.64,0.36,0.0,0.09937888198757763,0.1728372042036638,6.913043478260869,0.0
0.641,0.359,0.0,0.09937888198757763,0.1728372042036638,6.913043478260869,0.0
0.642,0.358,0.0,0.09937888198757763,0.1728372042036638,6.913043478260869,0.0
0.643,0.357,0.0,0.10559006211180125,0.1732438886165594,6.913043478260869,0.0
0.644,0.356,0.0,0.10559006211180125,0.1732438886165594,6.913043478260869,0.0
0.645,0.355,0.0,0.10559006211180125,0.1732438886165594,6.913043478260869,0.0
0.646,0.354,0.0,0.10559006211180125,0.1732438886165594,6.913043478260869,0.0
0.647,0.353,0.0,0.10559006211180125,0.1732438886165594,6.913043478260869,0.0
0.648,0.352,0.0,0.11180124223602485,0.1737614869602447,6.906832298136646,0.0
0.649,0.351,0.0,0.11180124223602485,0.1737614869602447,6.906832298136646,0.0
0.65,0.35,0.0,0.11180124223602485,0.1737614869602447,6.906832298136646,0.0
0.651,0.349,0.0,0.11180124223602485,0.1737614869602447,6.906832298136646,0.0
0.652,0.348,0.0,0.11180124223602485,0.1737614869602447,6.906832298136646,0.0
0.653,0.347,0.0,0.11180124223602485,0.1737614869602447,6.906832298136646,0.0
0.654,0.346,0.0,0.11180124223602485,0.17370502168638816,6.913043478260869,0.0
0.655,0.345,0.0,0.11180124223602485,0.17370502168638816,6.913043478260869,0.0
0.656,0.344,0.0,0.11180124223602485,0.17370502168638816,6.913043478260869,0.0
0.657,0.34299999999999997,0.0,0.11180124223602485,0.17370502168638816,6.913043478260869,0.0
0.658,0.34199999999999997,0.0,0.11180124223602485,0.17370502168638816,6.913043478260869,0.0
0.659,0.34099999999999997,0.0,0.11180124223602485,0.17370502168638816,6.913043478260869,0.0
0.66,0.33999999999999997,0.0,0.11180124223602485,0.17370502168638816,6.913043478260869,0.0
0.661,0.33899999999999997,0.0,0.11180124223602485,0.17370502168638816,6.913043478260869,0.0
0.662,0.33799999999999997,0.0,0.11180124223602485,0.17370502168638816,6.913043478260869,0.0
0.663,0.33699999999999997,0.0,0.11180124223602485,0.17370502168638816,6.913043478260869,0.0
0.664,0.33599999999999997,0.0,0.11180124223602485,0.17370502168638816,6.913043478260869,0.0
0.665,0.33499999999999996,0.0,0.11180124223602485,0.17370502168638816,6.913043478260869,0.0
0.666,0.33399999999999996,0.0,0.11180124223602485,0.17370502168638816,6.913043478260869,0.0
0.667,0.33299999999999996,0.0,0.11180124223602485,0.17649803612536533,6.875776397515528,0.0
0.668,0.33199999999999996,0.0,0.11180124223602485,0.17649803612536533,6.875776397515528,0.0
0.669,0.33099999999999996,0.0,0.11180124223602485,0.17649803612536533,6.875776397515528,0.0
0.67,0.32999999999999996,0.0,0.11180124223602485,0.17649803612536533,6.875776397515528,0.0
0.671,0.32899999999999996,0.0,0.11180124223602485,0.17649803612536533,6.875776397515528,0.0
0.672,0.32799999999999996,0.0,0.11180124223602485,0.17649803612536533,6.875776397515528,0.0
0.673,0.32699999999999996,0.0,0.11180124223602485,0.17649803612536533,6.875776397515528,0.0
0.674,0.32599999999999996,0.0,0.11180124223602485,0.17649803612536533,6.875776397515528,0.0
0.675,0.32499999999999996,0.0,0.11180124223602485,0.17649803612536533,6.875776397515528,0.0
0.676,0.32399999999999995,0.0,0.11180124223602485,0.17649803612536533,6.875776397515528,0.0
0.677,0.32299999999999995,0.0,0.11180124223602485,0.17649803612536533,6.875776397515528,0.0
0.678,0.32199999999999995,0.0,0.11180124223602485,0.17670507546283942,6.869565217391305,0.0
0.679,0.32099999999999995,0.0,0.11180124223602485,0.17670507546283942,6.869565217391305,0.0
0.68,0.31999999999999995,0.0,0.11180124223602485,0.17655719022178648,6.875776397515528,0.0
0.681,0.31899999999999995,0.0,0.11180124223602485,0.17655719022178648,6.875776397515528,0.0
0.682,0.31799999999999995,0.0,0.11180124223602485,0.17662620333427786,6.869565217391305,0.0
0.683,0.31699999999999995,0.0,0.11180124223602485,0.17662620333427786,6.869565217391305,0.0
0.684,0.31599999999999995,0.0,0.11180124223602485,0.17662620333427786,6.869565217391305,0.0
0.685,0.31499999999999995,0.0,0.11180124223602485,0.17662620333427786,6.869565217391305,0.0
0.686,0.31399999999999995,0.0,0.11180124223602485,0.17662620333427786,6.869565217391305,0.0
0.687,0.31299999999999994,0.0,0.11180124223602485,0.17662620333427786,6.869565217391305,0.0
0.6880000000000001,0.31199999999999994,0.0,0.11180124223602485,0.17766140002164846,6.863354037267081,0.0
0.6890000000000001,0.31099999999999994,0.0,0.11180124223602485,0.17766140002164846,6.863354037267081,0.0
0.6900000000000001,0.30999999999999994,0.0,0.11180124223602485,0.17766140002164846,6.863354037267081,0.0
0.6910000000000001,0.30899999999999994,0.0,0.11180124223602485,0.17766140002164846,6.863354037267081,0.0
0.6920000000000001,0.30799999999999994,0.0,0.11180124223602485,0.17766140002164846,6.863354037267081,0.0
0.6930000000000001,0.30699999999999994,0.0,0.11801242236024845,0.17817899836533377,6.857142857142857,0.0
0.6940000000000001,0.30599999999999994,0.0,0.11801242236024845,0.17817899836533377,6.857142857142857,0.0
0.6950000000000001,0.30499999999999994,0.0,0.11801242236024845,0.17817899836533377,6.857142857142857,0.0
0.6960000000000001,0.30399999999999994,0.0,0.11801242236024845,0.17817899836533377,6.857142857142857,0.0
0.6970000000000001,0.30299999999999994,0.0,0.11801242236024845,0.17817899836533377,6.857142857142857,0.0
0.6980000000000001,0.30199999999999994,0.0,0.11801242236024845,0.17817899836533377,6.857142857142857,0.0
0.6990000000000001,0.30099999999999993,0.0,0.11801242236024845,0.17817899836533377,6.857142857142857,0.0
0.7000000000000001,0.29999999999999993,0.0,0.11801242236024845,0.17987497319795456,6.863354037267081,0.0
0.7010000000000001,0.29899999999999993,0.0,0.11801242236024845,0.17987497319795456,6.863354037267081,0.0
0.7020000000000001,0.29799999999999993,0.0,0.11801242236024845,0.17987497319795456,6.863354037267081,0.0
0.7030000000000001,0.29699999999999993,0.0,0.11801242236024845,0.17987497319795456,6.863354037267081,0.0
0.704,0.29600000000000004,0.0,0.11801242236024845,0.17987497319795456,6.863354037267081,0.0
0.705,0.29500000000000004,0.0,0.11801242236024845,0.17987497319795456,6.863354037267081,0.0
0.706,0.29400000000000004,0.0,0.11801242236024845,0.18018553220416575,6.857142857142857,0.0
0.707,0.29300000000000004,0.0,0.11801242236024845,0.18018553220416575,6.857142857142857,0.0
0.708,0.29200000000000004,0.0,0.11801242236024845,0.18018553220416575,6.857142857142857,0.0
0.709,0.29100000000000004,0.0,0.11801242236024845,0.18133164282232606,6.84472049689441,0.0
0.71,0.29000000000000004,0.0,0.11801242236024845,0.18133164282232606,6.84472049689441,0.0
0.711,0.28900000000000003,0.0,0.11801242236024845,0.18133164282232606,6.84472049689441,0.0
0.712,0.28800000000000003,0.0,0.11801242236024845,0.18133164282232606,6.84472049689441,0.0
0.713,0.28700000000000003,0.0,0.11801242236024845,0.18133164282232606,6.84472049689441,0.0
0.714,0.28600000000000003,0.0,0.11801242236024845,0.18133164282232606,6.84472049689441,0.0
0.715,0.28500000000000003,0.0,0.11801242236024845,0.1813539807328627,6.84472049689441,0.0
0.716,0.28400000000000003,0.0,0.11801242236024845,0.1813539807328627,6.84472049689441,0.0
0.717,0.28300000000000003,0.0,0.11801242236024845,0.1813539807328627,6.84472049689441,0.0
0.718,0.28200000000000003,0.0,0.11801242236024845,0.1813539807328627,6.84472049689441,0.0
0.719,0.281,0.0,0.11801242236024845,0.18144024712347695,6.838509316770186,0.0
0.72,0.28,0.0,0.11801242236024845,0.18144024712347695,6.838509316770186,0.0
0.721,0.279,0.0,0.11801242236024845,0.18247544381084754,6.832298136645963,0.0
0.722,0.278,0.0,0.11801242236024845,0.18247544381084754,6.832298136645963,0.0
0.723,0.277,0.0,0.11801242236024845,0.18262601787446506,6.832298136645963,0.0
0.724,0.276,0.0,0.11801242236024845,0.18262601787446506,6.832298136645963,0.0
0.725,0.275,0.0,0.11801242236024845,0.18262601787446506,6.832298136645963,0.0
0.726,0.274,0.0,0.11801242236024845,0.18262601787446506,6.832298136645963,0.0
0.727,0.273,0.0,0.11801242236024845,0.18262601787446506,6.832298136645963,0.0
0.728,0.272,0.0,0.12422360248447205,0.18288952248579576,6.826086956521739,0.0
0.729,0.271,0.0,0.12422360248447205,0.18288952248579576,6.826086956521739,0.0
0.73,0.27,0.0,0.12422360248447205,0.18288952248579576,6.826086956521739,0.0
0.731,0.269,0.0,0.12422360248447205,0.18284246809091528,6.832298136645963,0.0
0.732,0.268,0.0,0.12422360248447205,0.18284246809091528,6.832298136645963,0.0
0.733,0.267,0.0,0.12422360248447205,0.18284246809091528,6.832298136645963,0.0
0.734,0.266,0.0,0.12422360248447205,0.18284246809091528,6.832298136645963,0.0
0.735,0.265,0.0,0.12422360248447205,0.18284246809091528,6.832298136645963,0.0
0.736,0.264,0.0,0.12422360248447205,0.18284246809091528,6.832298136645963,0.0
0.737,0.263,0.0,0.12422360248447205,0.1827860028170587,6.838509316770186,0.0
0.738,0.262,0.0,0.12422360248447205,0.1827860028170587,6.838509316770186,0.0
0.739,0.261,0.0,0.12422360248447205,0.1827860028170587,6.838509316770186,0.0
0.74,0.26,0.0,0.12422360248447205,0.1827860028170587,6.838509316770186,0.0
0.741,0.259,0.0,0.12422360248447205,0.1827860028170587,6.838509316770186,0.0
0.742,0.258,0.0,0.12422360248447205,0.1827860028170587,6.838509316770186,0.0
0.743,0.257,0.0,0.12422360248447205,0.1827860028170587,6.838509316770186,0.0
0.744,0.256,0.0,0.12422360248447205,0.1827860028170587,6.838509316770186,0.0
0.745,0.255,0.0,0.12422360248447205,0.1827860028170587,6.838509316770186,0.0
0.746,0.254,0.0,0.12422360248447205,0.1827860028170587,6.838509316770186,0.0
0.747,0.253,0.0,0.12422360248447205,0.1827860028170587,6.838509316770186,0.0
0.748,0.252,0.0,0.12422360248447205,0.1827860028170587,6.838509316770186,0.0
0.749,0.251,0.0,0.12422360248447205,0.1827860028170587,6.838509316770186,0.0
0.75,0.25,0.0,0.12422360248447205,0.1821574905425837,6.857142857142857,0.0
0.751,0.249,0.0,0.13043478260869565,0.1831926872299543,6.838509316770186,0.0
0.752,0.248,0.0,0.13043478260869565,0.1831926872299543,6.838509316770186,0.0
0.753,0.247,0.0,0.13043478260869565,0.1831926872299543,6.838509316770186,0.0
0.754,0.246,0.0,0.13043478260869565,0.1831926872299543,6.838509316770186,0.0
0.755,0.245,0.0,0.13043478260869565,0.1831926872299543,6.838509316770186,0.0
0.756,0.244,0.0,0.13043478260869565,0.1831926872299543,6.838509316770186,0.0
0.757,0.243,0.0,0.13043478260869565,0.1831926872299543,6.838509316770186,0.0
0.758,0.242,0.0,0.13043478260869565,0.1831926872299543,6.838509316770186,0.0
0.759,0.241,0.0,0.13043478260869565,0.1831926872299543,6.838509316770186,0.0
0.76,0.24,0.0,0.13043478260869565,0.1831926872299543,6.838509316770186,0.0
0.761,0.239,0.0,0.13043478260869565,0.1831926872299543,6.838509316770186,0.0
0.762,0.238,0.0,0.13043478260869565,0.1831926872299543,6.838509316770186,0.0
0.763,0.237,0.0,0.13043478260869565,0.1831926872299543,6.838509316770186,0.0
0.764,0.236,0.0,0.13043478260869565,0.1831926872299543,6.838509316770186,0.0
0.765,0.235,0.0,0.13043478260869565,0.1830817732991646,6.84472049689441,0.0
0.766,0.23399999999999999,0.0,0.13043478260869565,0.1830817732991646,6.84472049689441,0.0
0.767,0.23299999999999998,0.0,0.13043478260869565,0.1830817732991646,6.84472049689441,0.0
0.768,0.23199999999999998,0.0,0.13043478260869565,0.1830817732991646,6.84472049689441,0.0
0.769,0.23099999999999998,0.0,0.13043478260869565,0.1830817732991646,6.84472049689441,0.0
0.77,0.22999999999999998,0.0,0.13043478260869565,0.1830817732991646,6.84472049689441,0.0
0.771,0.22899999999999998,0.0,0.13043478260869565,0.1830817732991646,6.84472049689441,0.0
0.772,0.22799999999999998,0.0,0.13043478260869565,0.1830817732991646,6.84472049689441,0.0
0.773,0.22699999999999998,0.0,0.13043478260869565,0.1830817732991646,6.84472049689441,0.0
0.774,0.22599999999999998,0.0,0.13043478260869565,0.1830817732991646,6.84472049689441,0.0
0.775,0.22499999999999998,0.0,0.13043478260869565,0.1830817732991646,6.84472049689441,0.0
0.776,0.22399999999999998,0.0,0.13043478260869565,0.1830817732991646,6.84472049689441,0.0
0.777,0.22299999999999998,0.0,0.13043478260869565,0.1830817732991646,6.84472049689441,0.0
0.778,0.22199999999999998,0.0,0.13043478260869565,0.18329620689869136,6.838509316770186,0.0
0.779,0.22099999999999997,0.0,0.13043478260869565,0.18329620689869136,6.838509316770186,0.0
0.78,0.21999999999999997,0.0,0.13043478260869565,0.18329620689869136,6.838509316770186,0.0
0.781,0.21899999999999997,0.0,0.13043478260869565,0.18329620689869136,6.838509316770186,0.0
0.782,0.21799999999999997,0.0,0.13043478260869565,0.18329620689869136,6.838509316770186,0.0
0.783,0.21699999999999997,0.0,0.13043478260869565,0.18329620689869136,6.838509316770186,0.0
0.784,0.21599999999999997,0.0,0.13043478260869565,0.18329620689869136,6.838509316770186,0.0
0.785,0.21499999999999997,0.0,0.13043478260869565,0.18329620689869136,6.838509316770186,0.0
0.786,0.21399999999999997,0.0,0.13043478260869565,0.18329620689869136,6.838509316770186,0.0
0.787,0.21299999999999997,0.0,0.13043478260869565,0.18329620689869136,6.838509316770186,0.0
0.788,0.21199999999999997,0.0,0.13043478260869565,0.18329620689869136,6.838509316770186,0.0
0.789,0.21099999999999997,0.0,0.13043478260869565,0.18329620689869136,6.838509316770186,0.0
0.79,0.20999999999999996,0.0,0.13043478260869565,0.18329620689869136,6.838509316770186,0.0
0.791,0.20899999999999996,0.0,0.13043478260869565,0.18329620689869136,6.838509316770186,0.0
0.792,0.20799999999999996,0.0,0.13043478260869565,0.18329620689869136,6.838509316770186,0.0
0.793,0.20699999999999996,0.0,0.13043478260869565,0.18329620689869136,6.838509316770186,0.0
0.794,0.20599999999999996,0.0,0.13043478260869565,0.18329620689869136,6.838509316770186,0.0
0.795,0.20499999999999996,0.0,0.13043478260869565,0.18329620689869136,6.838509316770186,0.0
0.796,0.20399999999999996,0.0,0.13043478260869565,0.18329620689869136,6.838509316770186,0.0
0.797,0.20299999999999996,0.0,0.13043478260869565,0.18329620689869136,6.838509316770186,0.0
0.798,0.20199999999999996,0.0,0.13043478260869565,0.18329620689869136,6.838509316770186,0.0
0.799,0.20099999999999996,0.0,0.13043478260869565,0.18329620689869136,6.838509316770186,0.0
0.8,0.19999999999999996,0.0,0.13043478260869565,0.18320994050807715,6.84472049689441,0.0
0.801,0.19899999999999995,0.0,0.13043478260869565,0.18327155935851588,6.84472049689441,0.0
0.802,0.19799999999999995,0.0,0.13043478260869565,0.18327155935851588,6.84472049689441,0.0
0.803,0.19699999999999995,0.0,0.13043478260869565,0.18327155935851588,6.84472049689441,0.0
0.804,0.19599999999999995,0.0,0.13043478260869565,0.18327155935851588,6.84472049689441,0.0
0.805,0.19499999999999995,0.0,0.13043478260869565,0.18327155935851588,6.84472049689441,0.0
0.806,0.19399999999999995,0.0,0.13043478260869565,0.18327155935851588,6.84472049689441,0.0
0.807,0.19299999999999995,0.0,0.13043478260869565,0.18327155935851588,6.84472049689441,0.0
0.808,0.19199999999999995,0.0,0.13043478260869565,0.18334057247100727,6.838509316770186,0.0
0.809,0.19099999999999995,0.0,0.13043478260869565,0.18334057247100727,6.838509316770186,0.0
0.81,0.18999999999999995,0.0,0.13043478260869565,0.18334057247100727,6.838509316770186,0.0
0.811,0.18899999999999995,0.0,0.13043478260869565,0.18334057247100727,6.838509316770186,0.0
0.812,0.18799999999999994,0.0,0.13043478260869565,0.18334057247100727,6.838509316770186,0.0
0.8130000000000001,0.18699999999999994,0.0,0.13043478260869565,0.18334057247100727,6.838509316770186,0.0
0.8140000000000001,0.18599999999999994,0.0,0.13043478260869565,0.18334057247100727,6.838509316770186,0.0
0.8150000000000001,0.18499999999999994,0.0,0.13043478260869565,0.18334057247100727,6.838509316770186,0.0
0.8160000000000001,0.18399999999999994,0.0,0.13043478260869565,0.18334057247100727,6.838509316770186,0.0
0.8170000000000001,0.18299999999999994,0.0,0.13043478260869565,0.18334057247100727,6.838509316770186,0.0
0.8180000000000001,0.18199999999999994,0.0,0.13043478260869565,0.18334057247100727,6.838509316770186,0.0
0.8190000000000001,0.18099999999999994,0.0,0.13043478260869565,0.18401345031779814,6.813664596273292,0.0
0.8200000000000001,0.17999999999999994,0.0,0.13043478260869565,0.18401345031779814,6.813664596273292,0.0
0.8210000000000001,0.17899999999999994,0.0,0.13043478260869565,0.18401345031779814,6.813664596273292,0.0
0.8220000000000001,0.17799999999999994,0.0,0.13043478260869565,0.18401345031779814,6.813664596273292,0.0
0.8230000000000001,0.17699999999999994,0.0,0.13043478260869565,0.18401345031779814,6.813664596273292,0.0
0.8240000000000001,0.17599999999999993,0.0,0.13043478260869565,0.18401345031779814,6.813664596273292,0.0
0.8250000000000001,0.17499999999999993,0.0,0.13043478260869565,0.18401345031779814,6.813664596273292,0.0
0.8260000000000001,0.17399999999999993,0.0,0.13043478260869565,0.18401345031779814,6.813664596273292,0.0
0.8270000000000001,0.17299999999999993,0.0,0.13043478260869565,0.18401345031779814,6.813664596273292,0.0
0.8280000000000001,0.17199999999999993,0.0,0.13043478260869565,0.18401345031779814,6.813664596273292,0.0
0.8290000000000001,0.17099999999999993,0.0,0.13043478260869565,0.18401345031779814,6.813664596273292,0.0
0.8300000000000001,0.16999999999999993,0.0,0.13043478260869565,0.18401345031779814,6.813664596273292,0.0
0.8310000000000001,0.16899999999999993,0.0,0.13043478260869565,0.18401345031779814,6.813664596273292,0.0
0.8320000000000001,0.16799999999999993,0.0,0.13043478260869565,0.18401345031779814,6.813664596273292,0.0
0.833,0.16700000000000004,0.0,0.13043478260869565,0.18401345031779814,6.813664596273292,0.0
0.834,0.16600000000000004,0.0,0.13043478260869565,0.1839569850439416,6.819875776397516,0.0
0.835,0.16500000000000004,0.0,0.13043478260869565,0.1839569850439416,6.819875776397516,0.0
0.836,0.16400000000000003,0.0,0.13043478260869565,0.1839569850439416,6.819875776397516,0.0
0.837,0.16300000000000003,0.0,0.13043478260869565,0.1839569850439416,6.819875776397516,0.0
0.838,0.16200000000000003,0.0,0.13043478260869565,0.1839569850439416,6.819875776397516,0.0
0.839,0.16100000000000003,0.0,0.13043478260869565,0.1839569850439416,6.819875776397516,0.0
0.84,0.16000000000000003,0.0,0.13043478260869565,0.1839569850439416,6.819875776397516,0.0
0.841,0.15900000000000003,0.0,0.13043478260869565,0.1839569850439416,6.819875776397516,0.0
0.842,0.15800000000000003,0.0,0.13043478260869565,0.1839569850439416,6.819875776397516,0.0
0.843,0.15700000000000003,0.0,0.13043478260869565,0.1843073593073593,6.807453416149069,0.0
0.844,0.15600000000000003,0.0,0.13043478260869565,0.1843073593073593,6.807453416149069,0.0
0.845,0.15500000000000003,0.0,0.13043478260869565,0.1843073593073593,6.807453416149069,0.0
0.846,0.15400000000000003,0.0,0.13043478260869565,0.1843073593073593,6.807453416149069,0.0
0.847,0.15300000000000002,0.0,0.13043478260869565,0.1843073593073593,6.807453416149069,0.0
0.848,0.15200000000000002,0.0,0.13043478260869565,0.1843073593073593,6.807453416149069,0.0
0.849,0.15100000000000002,0.0,0.13043478260869565,0.1843073593073593,6.807453416149069,0.0
0.85,0.15000000000000002,0.0,0.13043478260869565,0.1843073593073593,6.807453416149069,0.0
0.851,0.14900000000000002,0.0,0.13043478260869565,0.1843073593073593,6.807453416149069,0.0
0.852,0.14800000000000002,0.0,0.13043478260869565,0.1843073593073593,6.807453416149069,0.0
0.853,0.14700000000000002,0.0,0.13043478260869565,0.1843073593073593,6.807453416149069,0.0
0.854,0.14600000000000002,0.0,0.13043478260869565,0.1843073593073593,6.807453416149069,0.0
0.855,0.14500000000000002,0.0,0.13043478260869565,0.1843073593073593,6.807453416149069,0.0
0.856,0.14400000000000002,0.0,0.13043478260869565,0.1843073593073593,6.807453416149069,0.0
0.857,0.14300000000000002,0.0,0.13043478260869565,0.1843073593073593,6.807453416149069,0.0
0.858,0.14200000000000002,0.0,0.13043478260869565,0.18534255599472993,6.801242236024844,0.0
0.859,0.14100000000000001,0.0,0.13043478260869565,0.18534255599472993,6.801242236024844,0.0
0.86,0.14,0.0,0.13043478260869565,0.18534255599472993,6.801242236024844,0.0
0.861,0.139,0.0,0.13043478260869565,0.18534255599472993,6.801242236024844,0.0
0.862,0.138,0.0,0.13043478260869565,0.18534255599472993,6.801242236024844,0.0
0.863,0.137,0.0,0.13043478260869565,0.18534255599472993,6.801242236024844,0.0
0.864,0.136,0.0,0.13043478260869565,0.1853896103896104,6.795031055900621,0.0
0.865,0.135,0.0,0.13043478260869565,0.1853896103896104,6.795031055900621,0.0
0.866,0.134,0.0,0.13043478260869565,0.1853896103896104,6.795031055900621,0.0
0.867,0.133,0.0,0.13043478260869565,0.1853896103896104,6.795031055900621,0.0
0.868,0.132,0.0,0.13043478260869565,0.1853896103896104,6.795031055900621,0.0
0.869,0.131,0.0,0.13043478260869565,0.1853896103896104,6.795031055900621,0.0
0.87,0.13,0.0,0.13043478260869565,0.186424807076981,6.788819875776397,0.0
0.871,0.129,0.0,0.13043478260869565,0.186424807076981,6.788819875776397,0.0
0.872,0.128,0.0,0.13043478260869565,0.186424807076981,6.788819875776397,0.0
0.873,0.127,0.0,0.13043478260869565,0.186424807076981,6.788819875776397,0.0
0.874,0.126,0.0,0.13043478260869565,0.186424807076981,6.788819875776397,0.0
0.875,0.125,0.0,0.13043478260869565,0.1865357210077707,6.782608695652174,0.0
0.876,0.124,0.006211180124223602,0.13043478260869565,0.19009975531714662,6.763975155279503,0.006211180124223602
0.877,0.123,0.006211180124223602,0.13043478260869565,0.19009975531714662,6.763975155279503,0.006211180124223602
0.878,0.122,0.006211180124223602,0.13043478260869565,0.19009975531714662,6.763975155279503,0.006211180124223602
0.879,0.121,0.006211180124223602,0.13043478260869565,0.19009975531714662,6.763975155279503,0.006211180124223602
0.88,0.12,0.006211180124223602,0.13043478260869565,0.19009975531714662,6.763975155279503,0.006211180124223602
0.881,0.119,0.006211180124223602,0.13043478260869565,0.19113495200451722,6.75776397515528,0.006211180124223602
0.882,0.118,0.006211180124223602,0.13043478260869565,0.19113495200451722,6.75776397515528,0.006211180124223602
0.883,0.11699999999999999,0.006211180124223602,0.13043478260869565,0.19113495200451722,6.75776397515528,0.006211180124223602
0.884,0.11599999999999999,0.006211180124223602,0.13043478260869565,0.19113495200451722,6.75776397515528,0.006211180124223602
0.885,0.11499999999999999,0.006211180124223602,0.13043478260869565,0.19113495200451722,6.75776397515528,0.006211180124223602
0.886,0.11399999999999999,0.006211180124223602,0.13043478260869565,0.19113495200451722,6.75776397515528,0.006211180124223602
0.887,0.11299999999999999,0.006211180124223602,0.13043478260869565,0.19113495200451722,6.75776397515528,0.006211180124223602
0.888,0.11199999999999999,0.006211180124223602,0.13043478260869565,0.19113495200451722,6.75776397515528,0.006211180124223602
0.889,0.11099999999999999,0.012422360248447204,0.13664596273291926,0.1947581404103143,6.745341614906832,0.012422360248447204
0.89,0.10999999999999999,0.012422360248447204,0.13664596273291926,0.1947581404103143,6.745341614906832,0.012422360248447204
0.891,0.10899999999999999,0.012422360248447204,0.13664596273291926,0.1947581404103143,6.745341614906832,0.012422360248447204
0.892,0.10799999999999998,0.012422360248447204,0.13664596273291926,0.1947581404103143,6.745341614906832,0.012422360248447204
0.893,0.10699999999999998,0.012422360248447204,0.13664596273291926,0.1947581404103143,6.745341614906832,0.012422360248447204
0.894,0.10599999999999998,0.012422360248447204,0.13664596273291926,0.1947581404103143,6.745341614906832,0.012422360248447204
0.895,0.10499999999999998,0.012422360248447204,0.13664596273291926,0.19496517974778846,6.739130434782608,0.012422360248447204
0.896,0.10399999999999998,0.012422360248447204,0.13664596273291926,0.19496517974778846,6.739130434782608,0.012422360248447204
0.897,0.10299999999999998,0.012422360248447204,0.13664596273291926,0.19496517974778846,6.739130434782608,0.012422360248447204
0.898,0.10199999999999998,0.012422360248447204,0.13664596273291926,0.19496517974778846,6.739130434782608,0.012422360248447204
0.899,0.10099999999999998,0.012422360248447204,0.13664596273291926,0.19496517974778846,6.739130434782608,0.012422360248447204
0.9,0.09999999999999998,0.012422360248447204,0.13664596273291926,0.19496517974778846,6.739130434782608,0.012422360248447204
0.901,0.09899999999999998,0.012422360248447204,0.13664596273291926,0.1953322040278562,6.726708074534161,0.012422360248447204
0.902,0.09799999999999998,0.012422360248447204,0.13664596273291926,0.1953322040278562,6.726708074534161,0.012422360248447204
0.903,0.09699999999999998,0.012422360248447204,0.13664596273291926,0.1953322040278562,6.726708074534161,0.012422360248447204
0.904,0.09599999999999997,0.012422360248447204,0.13664596273291926,0.1953322040278562,6.726708074534161,0.012422360248447204
0.905,0.09499999999999997,0.012422360248447204,0.13664596273291926,0.1953322040278562,6.726708074534161,0.012422360248447204
0.906,0.09399999999999997,0.012422360248447204,0.13664596273291926,0.1953322040278562,6.726708074534161,0.012422360248447204
0.907,0.09299999999999997,0.012422360248447204,0.13664596273291926,0.1953322040278562,6.726708074534161,0.012422360248447204
0.908,0.09199999999999997,0.012422360248447204,0.13664596273291926,0.1953322040278562,6.726708074534161,0.012422360248447204
0.909,0.09099999999999997,0.012422360248447204,0.13664596273291926,0.1953322040278562,6.726708074534161,0.012422360248447204
0.91,0.08999999999999997,0.012422360248447204,0.13664596273291926,0.19529523271759297,6.726708074534161,0.012422360248447204
0.911,0.08899999999999997,0.012422360248447204,0.13664596273291926,0.19529523271759297,6.726708074534161,0.012422360248447204
0.912,0.08799999999999997,0.012422360248447204,0.13664596273291926,0.19529523271759297,6.726708074534161,0.012422360248447204
0.913,0.08699999999999997,0.012422360248447204,0.13664596273291926,0.19529523271759297,6.726708074534161,0.012422360248447204
0.914,0.08599999999999997,0.012422360248447204,0.13664596273291926,0.19529523271759297,6.726708074534161,0.012422360248447204
0.915,0.08499999999999996,0.012422360248447204,0.13664596273291926,0.19529523271759297,6.726708074534161,0.012422360248447204
0.916,0.08399999999999996,0.012422360248447204,0.13664596273291926,0.19529523271759297,6.726708074534161,0.012422360248447204
0.917,0.08299999999999996,0.012422360248447204,0.13664596273291926,0.19559100319969885,6.714285714285714,0.012422360248447204
0.918,0.08199999999999996,0.012422360248447204,0.13664596273291926,0.19559100319969885,6.714285714285714,0.012422360248447204
0.919,0.08099999999999996,0.012422360248447204,0.13664596273291926,0.19559100319969885,6.714285714285714,0.012422360248447204
0.92,0.07999999999999996,0.012422360248447204,0.13664596273291926,0.19590156220591,6.708074534161491,0.012422360248447204
0.921,0.07899999999999996,0.012422360248447204,0.13664596273291926,0.19590156220591,6.708074534161491,0.012422360248447204
0.922,0.07799999999999996,0.012422360248447204,0.13664596273291926,0.19590156220591,6.708074534161491,0.012422360248447204
0.923,0.07699999999999996,0.012422360248447204,0.13664596273291926,0.19590156220591,6.708074534161491,0.012422360248447204
0.924,0.07599999999999996,0.012422360248447204,0.13664596273291926,0.19604944744696298,6.701863354037267,0.012422360248447204
0.925,0.07499999999999996,0.012422360248447204,0.13664596273291926,0.19604944744696298,6.701863354037267,0.012422360248447204
0.926,0.07399999999999995,0.012422360248447204,0.13664596273291926,0.19604944744696298,6.701863354037267,0.012422360248447204
0.927,0.07299999999999995,0.012422360248447204,0.13664596273291926,0.19604944744696298,6.701863354037267,0.012422360248447204
0.928,0.07199999999999995,0.012422360248447204,0.13664596273291926,0.19604944744696298,6.701863354037267,0.012422360248447204
0.929,0.07099999999999995,0.012422360248447204,0.13664596273291926,0.19615767255518807,6.695652173913044,0.012422360248447204
0.93,0.06999999999999995,0.012422360248447204,0.13664596273291926,0.19615767255518807,6.695652173913044,0.012422360248447204
0.931,0.06899999999999995,0.012422360248447204,0.13664596273291926,0.19615767255518807,6.695652173913044,0.012422360248447204
0.932,0.06799999999999995,0.012422360248447204,0.13664596273291926,0.19615767255518807,6.695652173913044,0.012422360248447204
0.933,0.06699999999999995,0.012422360248447204,0.13664596273291926,0.19615767255518807,6.695652173913044,0.012422360248447204
0.934,0.06599999999999995,0.012422360248447204,0.13664596273291926,0.19595063321771397,6.701863354037267,0.012422360248447204
0.935,0.06499999999999995,0.012422360248447204,0.13664596273291926,0.19595063321771397,6.701863354037267,0.012422360248447204
0.936,0.06399999999999995,0.012422360248447204,0.13664596273291926,0.19595063321771397,6.701863354037267,0.012422360248447204
0.937,0.06299999999999994,0.012422360248447204,0.13664596273291926,0.19595063321771397,6.701863354037267,0.012422360248447204
0.9380000000000001,0.061999999999999944,0.018633540372670808,0.13664596273291926,0.19920410852087872,6.6894409937888195,0.018633540372670808
0.9390000000000001,0.06099999999999994,0.018633540372670808,0.13664596273291926,0.19920410852087872,6.6894409937888195,0.018633540372670808
0.9400000000000001,0.05999999999999994,0.018633540372670808,0.13664596273291926,0.19920410852087872,6.6894409937888195,0.018633540372670808
0.9410000000000001,0.05899999999999994,0.018633540372670808,0.13664596273291926,0.19920410852087872,6.6894409937888195,0.018633540372670808
0.9420000000000001,0.05799999999999994,0.018633540372670808,0.13664596273291926,0.2002393052082493,6.683229813664596,0.018633540372670808
0.9430000000000001,0.05699999999999994,0.018633540372670808,0.13664596273291926,0.2002393052082493,6.683229813664596,0.018633540372670808
0.9440000000000001,0.05599999999999994,0.018633540372670808,0.13664596273291926,0.2002393052082493,6.683229813664596,0.018633540372670808
0.9450000000000001,0.05499999999999994,0.018633540372670808,0.13664596273291926,0.2002393052082493,6.683229813664596,0.018633540372670808
0.9460000000000001,0.05399999999999994,0.018633540372670808,0.13664596273291926,0.2002393052082493,6.683229813664596,0.018633540372670808
0.9470000000000001,0.052999999999999936,0.018633540372670808,0.13664596273291926,0.2002393052082493,6.683229813664596,0.018633540372670808
0.9480000000000001,0.051999999999999935,0.024844720496894408,0.14285714285714285,0.20386249361404643,6.670807453416149,0.024844720496894408
0.9490000000000001,0.050999999999999934,0.024844720496894408,0.14285714285714285,0.20386249361404643,6.670807453416149,0.024844720496894408
0.9500000000000001,0.04999999999999993,0.024844720496894408,0.14285714285714285,0.20386249361404643,6.670807453416149,0.024844720496894408
0.9510000000000001,0.04899999999999993,0.024844720496894408,0.14285714285714285,0.20386249361404643,6.670807453416149,0.024844720496894408
0.9520000000000001,0.04799999999999993,0.024844720496894408,0.14285714285714285,0.20386249361404643,6.670807453416149,0.024844720496894408
0.9530000000000001,0.04699999999999993,0.024844720496894408,0.14285714285714285,0.20406953295152053,6.6645962732919255,0.024844720496894408
0.9540000000000001,0.04599999999999993,0.024844720496894408,0.14285714285714285,0.20406953295152053,6.6645962732919255,0.024844720496894408
0.9550000000000001,0.04499999999999993,0.024844720496894408,0.14285714285714285,0.20402247855664005,6.670807453416149,0.024844720496894408
0.9560000000000001,0.04399999999999993,0.024844720496894408,0.14285714285714285,0.20402247855664005,6.670807453416149,0.024844720496894408
0.9570000000000001,0.04299999999999993,0.024844720496894408,0.14285714285714285,0.20402247855664005,6.670807453416149,0.024844720496894408
0.9580000000000001,0.041999999999999926,0.024844720496894408,0.14285714285714285,0.20402247855664005,6.670807453416149,0.024844720496894408
0.9590000000000001,0.040999999999999925,0.024844720496894408,0.14285714285714285,0.20402247855664005,6.670807453416149,0.024844720496894408
0.96,0.040000000000000036,0.024844720496894408,0.14285714285714285,0.20402247855664005,6.670807453416149,0.024844720496894408
0.961,0.039000000000000035,0.024844720496894408,0.14285714285714285,0.20407894383049663,6.6645962732919255,0.024844720496894408
0.962,0.038000000000000034,0.024844720496894408,0.14285714285714285,0.20407894383049663,6.6645962732919255,0.024844720496894408
0.963,0.03700000000000003,0.024844720496894408,0.14285714285714285,0.20407894383049663,6.6645962732919255,0.024844720496894408
0.964,0.03600000000000003,0.024844720496894408,0.14285714285714285,0.20407894383049663,6.6645962732919255,0.024844720496894408
0.965,0.03500000000000003,0.024844720496894408,0.14285714285714285,0.20407894383049663,6.6645962732919255,0.024844720496894408
0.966,0.03400000000000003,0.024844720496894408,0.14285714285714285,0.20407894383049663,6.6645962732919255,0.024844720496894408
0.967,0.03300000000000003,0.024844720496894408,0.14285714285714285,0.20407894383049663,6.6645962732919255,0.024844720496894408
0.968,0.03200000000000003,0.024844720496894408,0.14285714285714285,0.20407894383049663,6.6645962732919255,0.024844720496894408
0.969,0.031000000000000028,0.024844720496894408,0.14285714285714285,0.20407894383049663,6.6645962732919255,0.024844720496894408
0.97,0.030000000000000027,0.024844720496894408,0.14285714285714285,0.20407894383049663,6.6645962732919255,0.024844720496894408
0.971,0.029000000000000026,0.024844720496894408,0.14285714285714285,0.20407894383049663,6.6645962732919255,0.024844720496894408
0.972,0.028000000000000025,0.024844720496894408,0.14285714285714285,0.20407894383049663,6.6645962732919255,0.024844720496894408
0.973,0.027000000000000024,0.024844720496894408,0.14285714285714285,0.20407894383049663,6.6645962732919255,0.024844720496894408
0.974,0.026000000000000023,0.024844720496894408,0.14285714285714285,0.20407894383049663,6.6645962732919255,0.024844720496894408
0.975,0.025000000000000022,0.024844720496894408,0.14285714285714285,0.20407894383049663,6.6645962732919255,0.024844720496894408
0.976,0.02400000000000002,0.024844720496894408,0.14285714285714285,0.20407894383049663,6.6645962732919255,0.024844720496894408
0.977,0.02300000000000002,0.024844720496894408,0.14285714285714285,0.20407894383049663,6.6645962732919255,0.024844720496894408
0.978,0.02200000000000002,0.024844720496894408,0.14285714285714285,0.20407894383049663,6.6645962732919255,0.024844720496894408
0.979,0.02100000000000002,0.024844720496894408,0.14285714285714285,0.20407894383049663,6.6645962732919255,0.024844720496894408
0.98,0.020000000000000018,0.024844720496894408,0.14285714285714285,0.20407894383049663,6.6645962732919255,0.024844720496894408
0.981,0.019000000000000017,0.024844720496894408,0.14285714285714285,0.20407894383049663,6.6645962732919255,0.024844720496894408
0.982,0.018000000000000016,0.024844720496894408,0.14285714285714285,0.20407894383049663,6.6645962732919255,0.024844720496894408
0.983,0.017000000000000015,0.024844720496894408,0.14285714285714285,0.20407894383049663,6.6645962732919255,0.024844720496894408
0.984,0.016000000000000014,0.024844720496894408,0.14285714285714285,0.20407894383049663,6.6645962732919255,0.024844720496894408
0.985,0.015000000000000013,0.024844720496894408,0.14285714285714285,0.20407894383049663,6.6645962732919255,0.024844720496894408
0.986,0.014000000000000012,0.024844720496894408,0.14285714285714285,0.20407894383049663,6.6645962732919255,0.024844720496894408
0.987,0.013000000000000012,0.024844720496894408,0.14285714285714285,0.20407894383049663,6.6645962732919255,0.024844720496894408
0.988,0.01200000000000001,0.024844720496894408,0.14285714285714285,0.20407894383049663,6.6645962732919255,0.024844720496894408
0.989,0.01100000000000001,0.024844720496894408,0.14285714285714285,0.20407894383049663,6.6645962732919255,0.024844720496894408
0.99,0.010000000000000009,0.024844720496894408,0.14285714285714285,0.20407894383049663,6.6645962732919255,0.024844720496894408
0.991,0.009000000000000008,0.024844720496894408,0.14285714285714285,0.20407894383049663,6.6645962732919255,0.024844720496894408
0.992,0.008000000000000007,0.024844720496894408,0.14285714285714285,0.20407894383049663,6.6645962732919255,0.024844720496894408
0.993,0.007000000000000006,0.024844720496894408,0.14285714285714285,0.20407894383049663,6.6645962732919255,0.024844720496894408
0.994,0.006000000000000005,0.024844720496894408,0.14285714285714285,0.20407894383049663,6.6645962732919255,0.024844720496894408
0.995,0.0050000000000000044,0.024844720496894408,0.14285714285714285,0.20407894383049663,6.6645962732919255,0.024844720496894408
0.996,0.0040000000000000036,0.024844720496894408,0.14285714285714285,0.20407894383049663,6.6645962732919255,0.024844720496894408
0.997,0.0030000000000000027,0.024844720496894408,0.14285714285714285,0.20407894383049663,6.6645962732919255,0.024844720496894408
0.998,0.0020000000000000018,0.024844720496894408,0.14285714285714285,0.20407894383049663,6.6645962732919255,0.024844720496894408
0.999,0.0010000000000000009,0.024844720496894408,0.14285714285714285,0.20407894383049663,6.6645962732919255,0.024844720496894408
1.0,0.0,0.024844720496894408,0.14285714285714285,0.20356403430937595,6.683229813664596,0.024844720496894408
