feature,permutation_scope,auc_drop_mean,auc_drop_sd,top1_drop_mean,top1_drop_sd,mrr_drop_mean,mrr_drop_sd,race_logloss_increase_mean,race_logloss_increase_sd,winner_rank_increase_mean,winner_rank_increase_sd
recent_2_weight_kg,within-race,0.0004304564135842792,0.0002727727341979164,0.009333333333333329,0.001333333333333331,0.006453816553816549,0.0017428409510908316,0.002050611553992443,0.0008536093929152899,0.035333333333332995,0.03270066258248209
recent_barrier_percentile_weighted_6,within-race,-0.00022279904823712114,0.0005336528700164736,0.005333333333333329,0.002666666666666668,0.0041590391090391195,0.0014880911836687855,-0.0006006135719199612,0.001378525980166574,0.03133333333333273,0.014696938456699166
recent_6_barrier,within-race,0.0007125243348474975,0.0007050820130901541,0.008666666666666665,0.005416025603090639,0.0038614404114404423,0.004726388120423631,-9.917072032656904e-05,0.0017611583930397467,-0.008000000000000363,0.02295890047696324
condition_margin_quality,within-race,-0.0008730261734804401,0.00047012445980963745,0.007999999999999998,0.004521553322083511,0.003782027232027263,0.003039575808253488,-0.0012880483602338622,0.0008209964114467025,-0.00933333333333355,0.0032659863237109793
heavy_starts,within-race,0.0008187324248323247,0.0009550711388068822,0.004666666666666664,0.0033993463423951896,0.0035961445961446127,0.0017055628309034265,0.0015265588573689648,0.0015246684200595946,0.023333333333333074,0.020221001184137583
hidden_sectional_run_last1,within-race,-0.00018883841661259114,0.0009780137920556529,0.006666666666666665,0.0036514837167011104,0.003431771931771954,0.0031206134375057035,0.0021535741434329124,0.0014200053736525852,0.01599999999999948,0.013888444437333001
recent_3_weight_kg,within-race,6.446030715980821e-05,0.00020764452155819265,0.005999999999999997,0.003887301263230199,0.0032866318866318967,0.0019649972118835615,-0.0006028564771279222,0.00032775648638072867,0.025999999999999624,0.01289271973720923
similar_distance_margin_quality_avg,within-race,0.0022779580359074013,0.0007738952429722036,0.004666666666666664,0.006182412330330471,0.003271380471380492,0.0032211947118407744,0.003868466379798541,0.0016561972860264004,0.0486666666666661,0.009797958971132528
similar_distance_top3_rate,within-race,0.0003399307808781726,0.0006362595835029027,0.003999999999999995,0.0032659863237109034,0.0031859418359418525,0.0016997769188893687,0.0007461955988277147,0.0013691619248459921,0.01933333333333298,0.009521904571390537
historical_market_overperformance_weighted_3_zscore_in_race,within-race,0.0001680726800778576,0.0006433739426549256,0.006666666666666665,0.0036514837167011057,0.0031819143819144303,0.00263145292855826,0.0010307037844629718,0.0014241957893962398,0.026666666666666217,0.02338090388900025
best_margin_quality_at_equal_or_higher_weight,within-race,-0.0013114860480207824,0.00042954488221577105,0.005333333333333331,0.0016329931618554558,0.0030481758981758976,0.0008644271158141443,-0.0030710122579674427,0.0007110372638871322,0.023333333333333074,0.010327955589886625
recent_5_distance_m,within-race,0.0009080683538827073,0.0006904689394425828,0.003999999999999998,0.003887301263230204,0.0030114811114811514,0.0019215839727372212,0.0011155312452848065,0.0013813769464039584,0.011999999999999567,0.007774602526460306
recent_margin_quality_last1,within-race,0.002021847285312539,0.0004772102071735551,0.0033333333333333296,0.00557773351022717,0.002924595774595795,0.003125302553565182,0.00338249493097722,0.0010580526926280114,0.03799999999999955,0.01720465053408541
class_adjusted_finish_percentile_weighted_3_gap_to_best,within-race,0.0023618862210685655,0.001552185722359069,0.001999999999999996,0.0045215533220835154,0.0029148425648426015,0.002233092173630841,0.003405718679506631,0.003207017899492265,0.0486666666666661,0.013432961119739979
goodGroundPro,within-race,0.0014269954574951393,0.0003374367016015744,0.003999999999999998,0.0024944382578492956,0.002889201539201558,0.0016283038253842653,0.0027735361492068123,0.0007112229277598059,0.029999999999999537,0.012823589374447537
jockey_trainer_history_smoothed_top3_rate,within-race,0.00018743240320133746,0.0007426482542799234,0.005333333333333331,0.003399346342395189,0.0028554612054612406,0.001647568820731563,0.0005904955764954422,0.0015470060838040321,0.030666666666666308,0.013399834161494574
recent_margin_quality_avg_3,within-race,-0.004614752325329929,0.0012187017943225949,0.009333333333333332,0.0077172246018601546,0.002834800384800418,0.0033063360215866092,-0.00807303471467744,0.002437306702021455,-0.02933333333333348,0.020805982045769483
class_adjusted_finish_percentile_last1,within-race,-0.0007289638762708606,0.0008294972883788815,0.007333333333333333,0.0032659863237109064,0.0027888759388759675,0.002335280757480857,-0.0010831498873678847,0.0014880314442897887,0.013999999999999702,0.013399834161494574
recent_4_barrier,within-race,-0.00012113346311921624,0.0005360136538733781,0.006666666666666665,0.0036514837167011104,0.002768833018833061,0.0012097097934548153,-0.0009547835639124536,0.0008998513079342518,0.013999999999999346,0.013564659966250526
sectional_last600_trend,within-race,-0.00020127622755785612,0.0007346855367114339,0.007333333333333331,0.003887301263230203,0.0026830928330928592,0.00246674818154486,-0.00011242494887984123,0.0014722585670040116,0.009999999999999787,0.020110804171997832
recent_weighted_avg_place,within-race,0.00034858317110098014,0.0008153181843432553,0.008666666666666665,0.008055363982396384,0.002624309024309035,0.004587723416459849,1.3088268061345332e-05,0.0017009427193403056,0.017333333333332847,0.02760032205931255
hidden_sectional_run_best_3_zscore_in_race,within-race,1.7304780445548396e-05,0.0004229649520290637,0.004666666666666664,0.0016329931618554558,0.0026178876678877084,0.00046530838007971645,-0.0009912651326196454,0.0009270337039067166,0.014666666666666295,0.0071802197428458905
recent_last600_slope_6,within-race,-0.0006809431105343044,0.0004906497497290765,0.005333333333333329,0.002666666666666668,0.002573953823953834,0.002625515183021924,-0.00026766525419086307,0.0013901687014827538,-0.0026666666666670833,0.020374275719914795
recent_weight_range_kg,within-race,-0.0008613454466796621,0.000521985335440099,0.005999999999999997,0.003887301263230199,0.002555069005069033,0.001879456146771871,-0.0015313039412059304,0.0015485470079519168,0.001999999999999602,0.012578641509408718
recent_1_place,within-race,-0.0014769630110317955,0.00044285512065516254,0.005999999999999997,0.003887301263230199,0.0024920893920893916,0.0024043871404078763,-0.0028665385256309685,0.0010198661867512793,0.0019999999999997797,0.014236104336041762
trainer_history_top3_excess,within-race,0.0006456846203763744,0.0009416808636381439,0.005333333333333331,0.0016329931618554558,0.0024316794316794343,0.0019011941192792093,0.0012265765780088422,0.0021138081020207864,0.022666666666666124,0.01569146972791955
distance_minus_recent_avg,within-race,0.0011388708630758915,0.0002956994708759417,0.0026666666666666644,0.0057348835113617495,0.0024130129130129465,0.0031675258892031825,0.003063749761634327,0.00045389989569212915,0.017999999999999617,0.020933757957476942
recent_6_starting_price,within-race,-0.0005692191217824272,0.0004908153199197009,0.006666666666666665,0.0021081851067789197,0.002386679986680007,0.0025820294201760745,-0.001064449613609586,0.001396122706627339,0.008666666666666245,0.02176643695641929
similar_distance_runs,within-race,0.0024657149037421223,0.0013241757119144386,0.003999999999999998,0.0038873012632301995,0.0023083805083805144,0.0031090573897999446,0.005352190215054353,0.002532966582124476,0.027999999999999404,0.015860503004493817
recent_avg_place,within-race,0.0014044992429158576,0.00035412001310716724,0.0026666666666666644,0.002494438257849294,0.0022652088652088676,0.00168699486819842,0.003092679699800893,0.0008705287070640664,0.011999999999999567,0.00805536398239623
form_barrier_percentile_weighted_6,within-race,-0.0017780661907852435,0.0009977600211291482,0.007333333333333331,0.0077172246018601485,0.0022211344211344186,0.004385522075156139,-0.003605640125329401,0.0015559668602670336,-0.004000000000000448,0.020154955277108182
hidden_sectional_run_best_3_pct_in_race,within-race,-0.0007507030067056108,0.00057067051907864,0.007333333333333333,0.004422166387140533,0.0021715895215895344,0.003348615778201052,-0.0010501895576966013,0.0014549946756931304,-0.012666666666666871,0.024166091947189074
distance_change_pct_last_run,within-race,0.0005221717499459099,0.0002481907255369385,0.003333333333333327,0.0,0.0020830928330928477,0.00040325137976953047,0.0011875658324842497,0.0005368407458736807,0.007333333333333058,0.006798692684790276
jockey_trainer_history_smoothed_win_rate,within-race,-0.00028725935539695156,0.0002817492483575101,0.006666666666666663,0.005163977794943223,0.0020544825544825617,0.0021043464601459626,-0.0006713556130224063,0.0006526654421930776,0.014666666666666295,0.004521553322083695
recent_6_track_status_value,within-race,-0.000520441271901384,0.0003140236599851379,0.003999999999999995,0.0013333333333333365,0.001995800495800515,0.0010857427762333153,-0.0005648983236196337,0.0005394106716637684,0.01333333333333293,0.006666666666666554
heavy_wins,within-race,-7.678996322739718e-05,0.00017120476466099104,0.003999999999999998,0.0024944382578492956,0.0019831982831982954,0.0012533120550786972,-0.00018476560691098597,0.0003968630154524089,0.001333333333333009,0.006182412330330401
current_minus_recent_barrier_percentile,within-race,0.0045818732424832255,0.0010854122214019324,-2.7755575615628915e-18,0.0047140452079103175,0.0019419080919081066,0.0032379099108995188,0.008807175946293544,0.0031947939225045892,0.025999999999999624,0.016786237749352173
dry_rating_rank,within-race,0.008356694786934859,0.0025558878796296106,-0.004666666666666669,0.003399346342395187,0.0019051689051689414,0.002101595360492357,0.006276488197823849,0.005255366815325913,0.11266666666666633,0.026616619703569572
trackFamiliarity,within-race,7.051698031574904e-05,0.0002258085294419003,0.003333333333333327,0.0,0.0019017242017242086,0.0003350282335783086,3.847500093430156e-05,0.00047056143231903857,0.009999999999999431,0.0029814239699997884
jockey_trainer_history_smoothed_top3_rate_minus_race_median,within-race,0.0014849664719878807,0.0007027653956135706,-0.000666666666666671,0.0038873012632301995,0.0019013190513190615,0.002018330193557018,0.0018616228081253182,0.0009446012824437735,0.06666666666666625,0.01382429423555179
historical_step_down_observations,within-race,0.00012026822409687554,0.00011626805305086919,0.0033333333333333296,0.0036514837167011104,0.0018510989010989132,0.0018962850526932733,0.00042266096110576967,0.0002697382806572654,0.00666666666666611,0.008944271909999035
speed_rating_rank,within-race,0.0011274064460306877,0.0001567083191475377,-0.0006666666666666682,0.001333333333333336,0.0017841121841122188,0.0015333788972563063,0.0016275053821973805,0.00017937469635390436,0.02533333333333303,0.017587874611030594
last3_win_percentage_rank,within-race,-8.803807051698254e-05,0.00011036165278211507,0.003999999999999995,0.0013333333333333363,0.0017510822510822589,0.0007301748781929409,-0.00019471832382622623,0.0002444000075826089,0.0013333333333331865,0.0016329931618552721
current_form_strength_zscore_in_race,within-race,0.00218472853125673,0.0010072867381072952,0.001999999999999996,0.0033993463423951918,0.00172165982165986,0.0028395465003653846,0.002216132322187736,0.0020531699540211933,0.043999999999999595,0.03826225293941785
historical_step_up_finish_percentile,within-race,0.0007963443651308299,0.0007430620761464543,0.006666666666666668,0.009189365834726815,0.001689049839049861,0.005924750120305779,-0.0018424451287279097,0.0006555660980108782,0.0013333333333328313,0.02612789058968714
current_weight_minus_recent_weighted_avg,within-race,-0.00015682457278825,0.0008314787752686197,0.003999999999999998,0.003887301263230204,0.0016712398712398601,0.0033152459970139515,1.50515733297496e-05,0.0027022219633323565,-0.011333333333333862,0.031874754901018494
historical_market_overperformance_slope_3,within-race,0.0008258706467661359,0.0012823036067969606,-0.0013333333333333363,0.004988876515698585,0.0015758685758685775,0.004062339789828782,0.0021549306780031864,0.0030061546927781253,0.011999999999999567,0.02671661987935202
current_form_strength,within-race,-0.0001603936837551334,0.00011148643413762049,0.004666666666666664,0.003399346342395189,0.0015517593517593742,0.001658175054443683,0.00037373791679780056,0.0005235241355558763,0.021333333333332937,0.010873004286866541
recent_class_weighted_6,within-race,-0.0005409906986805435,0.0003930791686548768,0.003999999999999995,0.0013333333333333365,0.0015484607984608378,0.0005221852354443846,-0.0016496205241125494,0.0007702392434131373,-0.001333333333333897,0.012578641509408945
distance_minus_recent_weighted_avg,within-race,-0.0006175643521523444,0.00028270203780593256,0.001999999999999996,0.0033993463423951918,0.0015237225737225856,0.001623484750155357,-0.000897637625323,0.00045367827024126004,0.0033333333333327884,0.013824294235551706
recent_2_starting_price,within-race,0.002155202249621424,0.0005678969067672853,-0.0013333333333333391,0.0077746025264604,0.0015160025160025569,0.0036380818733874054,0.0033202750592054462,0.0005334944362820314,0.05199999999999978,0.01343296111973996
hidden_sectional_run_best_3_minus_race_median,within-race,0.00024118537746049552,0.0002598167420837048,0.005333333333333331,0.004521553322083514,0.0015088855588855754,0.0024449915781787402,0.0012744585727632262,0.00039039021086217045,0.027333333333332988,0.013564659966250614
recent6_vs_career_place_rate,within-race,-0.0008468526930564879,0.0004408385388832506,0.0033333333333333327,0.0029814239699997203,0.0014756706256706443,0.002372839281953583,-0.0015283317207307689,0.0010120597560578553,0.012666666666666337,0.023228335186912433
hidden_sectional_run_best_3_minus_race_mean,within-race,6.813757300450085e-05,0.00013551939976751953,0.0033333333333333296,0.0036514837167011104,0.0014742683242683352,0.0018546903929398564,1.3577210174986477e-05,0.00031257450327429055,0.021333333333332937,0.010022197585581993
horse_jockey_starts,within-race,0.00024399740428291406,0.00021815629754302315,0.001999999999999996,0.001632993161855449,0.0014396103896103906,0.000685674036676101,0.0005832889758355719,0.00035780221170293665,0.012666666666666337,0.003887301263230412
win_percentage,within-race,0.0010246593121349345,0.0005278715287357944,0.003999999999999995,0.0013333333333333365,0.0014279461279461448,0.000971820338367592,0.0012973261398883551,0.0010107659283388204,0.004666666666666153,0.01654623152798785
jockey_trainer_history_smoothed_top3_rate_gap_to_best,within-race,0.0022796885139519498,0.000863613116517691,0.0013333333333333335,0.002666666666666667,0.00140326155326157,0.0008778865032249472,0.0034689442000474637,0.001127752949344349,0.04133333333333269,0.014236104336041727
recent_best_similar_distance_speed_mps,within-race,0.00032684404066618544,0.0005490227104182671,0.001333333333333331,0.0033993463423951918,0.001331914381914423,0.0020641146639311424,0.0008837947410637703,0.0012732195958792352,0.021333333333332937,0.010022197585581993
recent_weighted_avg_place_rank,within-race,0.0009372701708846964,0.00026502721099460155,0.0006666666666666655,0.001333333333333331,0.0013129814629814773,0.0007064241134346578,0.0017209548647570295,0.0005061439276087472,0.01199999999999939,0.006182412330330421
historical_market_overperformance_weighted_3_minus_race_mean,within-race,-5.9485182781782166e-05,0.00030256160333200905,0.001333333333333328,0.002666666666666666,0.0012985347985348006,0.0008931012995124309,7.918358801255465e-05,0.0006889595833113772,0.029999999999999537,0.012472191289246379
recent_finish_percentile_weighted_6_pct_in_race,within-race,-0.00039303482587065285,0.00025337214022754027,0.002666666666666662,0.0032659863237109064,0.0012565027565027754,0.0015721263268189758,-4.916660780178717e-05,0.0006784808203395929,0.012666666666666337,0.008793937305515335
first_up_win_rate_rank,within-race,-0.0001931646117240282,0.00021405880512314954,0.001333333333333331,0.001632993161855449,0.0012471546971547065,0.0007995392903750682,-0.00019939742654093707,0.00037346656325622354,0.014666666666666295,0.004521553322083695
trainer_recent_top3_excess,within-race,-0.0020454250486697132,0.0012129825631189038,0.007333333333333331,0.002494438257849294,0.0012271358271358612,0.0024043788359089883,-0.005444761277184096,0.002339998752269081,-0.03333333333333375,0.022110831935702506
recent_finish_percentile_weighted_6_gap_to_best,within-race,0.002007787151200491,0.0008364518407358233,0.0006666666666666626,0.0038873012632301977,0.0012206201206201527,0.001794473548350181,0.002907533519030547,0.0008169275792108087,0.029999999999999537,0.01211060141638966
horse_jockey_win_rate_rank,within-race,0.0006411421155093855,0.00040120089452914053,0.0013333333333333335,0.0049888765156985895,0.0012136548636548672,0.003448075202323383,0.0014001370233803101,0.00033905221603250705,0.02799999999999958,0.019275776393067913
similar_distance_finish_percentile_weighted_rank_in_race,within-race,-0.0002626000432619513,0.0004194002400548377,0.0026666666666666644,0.0024944382578492943,0.0012110186110186438,0.0013313217081629537,8.530836396891672e-05,0.0009099429890141027,0.001333333333333009,0.004521553322083329
form_average_finish_percentile_6,within-race,-3.374432186895593e-05,0.00028428352752431706,0.0033333333333333296,0.0036514837167011104,0.0011988696488696715,0.0015690358951654482,-8.540743392613238e-05,0.00030684365001334144,0.011999999999999567,0.013266499161421611
hidden_sectional_run_avg_3,within-race,-0.00023383084577115464,0.0003310496257179997,0.0026666666666666644,0.003887301263230203,0.0011848984348984514,0.0018326889613215576,-0.0007934290045810144,0.0006803201417932934,0.03066666666666613,0.008537498983243885
jockey_trainer_history_smoothed_top3_rate_rank_in_race,within-race,0.00048637248539904474,0.0001716870029612427,-2.7755575615628915e-18,0.0036514837167011057,0.001172647722647746,0.00178853636685836,0.0002716307145835373,0.00021398519526804046,0.03266666666666627,0.0038873012632301683
jockey_trainer_history_top3_excess,within-race,6.413584252649152e-05,0.0002841345355353962,0.003999999999999995,0.0032659863237109034,0.0011698838198838212,0.0018501547786478863,0.0007893142911516548,0.0006988441141252819,0.017333333333333024,0.009285592184789552
recent_margin_best_3,within-race,0.00047869348907634277,0.00011702257817613318,0.001999999999999996,0.0033993463423951913,0.0011037444037444223,0.0019069115210955082,0.0010232620270484993,0.0001242619027957998,0.002666666666666373,0.007717224601860067
similar_distance_finish_percentile_avg,within-race,0.0015487778498810335,0.0005316716024208306,-0.000666666666666671,0.0024944382578492956,0.001014838864838885,0.0015306232121626592,0.0033752215468011216,0.0006592907733392365,0.033333333333333034,0.010954451150103142
trainer_history_starts,within-race,-0.000841012329656099,0.0004278012017302901,0.003999999999999998,0.002494438257849295,0.001008393458393464,0.0011049121569334927,-0.0013784414035037606,0.000651976752396856,0.004666666666666153,0.0097979589711326
recent_finish_percentile_weighted_3_rank_in_race,within-race,0.0003791910015141342,0.0004301114841579331,0.001999999999999996,0.0033993463423951918,0.0009815573315573479,0.0015413543020396758,0.0013956241544987869,0.0010013193617223399,0.019333333333332627,0.008273115763993895
recent_same_track_runs,within-race,0.00012545965823052008,8.05445284962836e-05,0.001333333333333331,0.001632993161855449,0.0009783068783068894,0.0009450832247623879,0.0002903472786342398,0.0001154602806171115,0.005999999999999517,0.006463573143221903
jockey_trainer_synergy,within-race,0.0007250703006705273,0.0015109287678107418,0.001999999999999999,0.007180219742846008,0.0009349594849595077,0.003728412650067596,0.0001320263696031887,0.0028566501112939897,-0.0006666666666671261,0.0369022733415948
recent_finish_percentile_weighted_3,within-race,0.00030218472853120736,0.0003028642486326131,0.001333333333333328,0.002666666666666666,0.0009261423761424137,0.0013339703406573245,0.000624188567848627,0.0006356097891335114,0.0019999999999994245,0.007483314773547945
recent_last600_best_3,within-race,-0.00011053428509626429,0.00033376700425126514,0.001999999999999996,0.0033993463423951918,0.000923136123136159,0.0018799773479518747,-0.0002429341757943071,0.0007638118103101755,0.015333333333332888,0.021969676071045306
first_up_starts,within-race,0.00034047155526713003,0.0003589682389561622,0.0006666666666666626,0.002494438257849294,0.0008933862433862849,0.0010686892933872215,0.0006381127418021215,0.0007348177675608825,0.009999999999999431,0.004216370213558077
jockey_history_top3_excess,within-race,0.0030629461388708367,0.0011777685805228434,0.0006666666666666655,0.007118052168020873,0.000887564287564302,0.004169781741699988,0.007403064310503904,0.0031281468016829926,0.03866666666666614,0.027776888874665975
historical_market_overperformance_weighted_3_rank_in_race,within-race,-0.0003839498161367194,0.00021560126238273294,0.0019999999999999935,0.0049888765156985895,0.0008737540237540586,0.00272748560046362,0.00012725709719241252,0.0006195337763465414,0.01333333333333293,0.012995725793078464
similar_distance_finish_percentile_weighted_minus_race_mean,within-race,-0.0001738048886004595,0.001188969037544175,-0.0020000000000000074,0.002666666666666667,0.0008651441151441453,0.001584426440740231,-0.004239804521423718,0.0025448589717307706,0.025999999999999624,0.015549205052920794
recent_last600_weighted_3,within-race,-0.00015011897036560918,0.00023369303525667653,0.002666666666666662,0.001333333333333331,0.0008627705627705873,0.0009550487678100047,-0.0004709420078616411,0.0003986890188240008,-0.0006666666666669485,0.0038873012632301683
recent_finish_percentile_weighted,within-race,0.0009452736318407596,0.0005502841105631549,0.001333333333333331,0.005416025603090641,0.0008274336774336977,0.0032266401696864123,0.0017694981006486366,0.000797454388295425,0.01866666666666621,0.01613829124921372
historical_run_quality_avg_3,within-race,-0.0005396928401471213,0.00023815596031362047,0.0006666666666666655,0.0032659863237109064,0.0008268990268990751,0.0019561054400515044,-0.0006477928838804381,0.0005214112238355478,0.013999999999999523,0.009977753031397373
recent_last600_slope_3,within-race,0.00029396495781954803,0.000514013791310206,0.002666666666666662,0.005333333333333335,0.0008209956709956834,0.0034028030060723373,0.0007007311275475381,0.0009182802234625069,0.017333333333332847,0.012183777921664555
distance_step_up_pct,within-race,0.0003168937919100001,7.571150452580882e-05,0.0006666666666666655,0.001333333333333331,0.000814935064935074,0.0008961746782221768,0.0008215685127774819,0.00011672426835906346,0.013333333333332753,0.005577733510227087
recent_avg_place_5,within-race,0.0004813973610209521,0.0002165330882556971,0.001333333333333331,0.0033993463423951918,0.0007736892736893042,0.0017547900624424692,0.0012624135515099332,0.00042221651553173806,0.00999999999999961,0.007601169500660706
recent_best_place,within-race,0.0008360372052779175,0.0004033866672828992,-0.0033333333333333383,0.0036514837167011057,0.0007687035187035396,0.002742610387590061,-7.378841848053597e-05,0.001146493575430802,0.02933333333333312,0.015549205052920819
recent_5_place,within-race,0.00022842310188182503,8.510737501861257e-05,0.0,0.0,0.0007444444444444475,0.00018121673811445703,0.0003858533083620053,0.0001317893734740937,0.0073333333333327035,0.0013333333333335417
recent_finish_percentile_avg_6,within-race,5.472636815919696e-05,0.0004140010498283979,0.003999999999999998,0.0024944382578492956,0.0007337939837939955,0.0017107974398217032,0.0008035185879923468,0.0008911391904195686,0.003999999999999737,0.016519348924485047
sectional_last600_std_6,within-race,0.00028250054077436635,0.0006409616677837637,0.0026666666666666644,0.006798692684790377,0.0007309542309542727,0.003526784357933271,0.0015162189902206968,0.001309156532171728,0.006666666666666288,0.01699673171197589
class_step_up,within-race,-0.00026476314081769203,0.00010798472447129622,0.0006666666666666626,0.002494438257849294,0.0007050264550264917,0.0012623070692989826,-0.0004406112188133804,0.00024133106708512,0.007333333333332881,0.0038873012632301683
weight_change_vs_recent_weighted_avg,within-race,0.00014968635085439442,0.0003618633998637571,0.0026666666666666644,0.003887301263230203,0.0006832297332297621,0.0020043089074779532,0.0002811389916237417,0.0009053913268226877,0.0033333333333329662,0.01011050059206885
draw_number,within-race,0.00029677698464196655,0.0003356215771197749,0.0006666666666666655,0.001333333333333331,0.0006747955747955725,0.0002774361885885127,0.0005277854239729152,0.0006701687107950105,0.01199999999999939,0.013920408678547382
sectional_consistency_6,within-race,-4.9751243781148705e-06,0.0004844631603818733,0.0006666666666666626,0.003887301263230198,0.0006743164243164568,0.0034979687933437906,0.00041512528707841054,0.0014673257727285229,0.0226666666666663,0.01854723699099142
recent_5_barrier,within-race,-0.0002498377676833696,0.00043080519404981076,0.0026666666666666644,0.002494438257849294,0.0006474932474932693,0.0011005032585161539,-0.0006371413808758497,0.0007130160915294691,0.0039999999999995595,0.007717224601860067
recent_5_starting_price,within-race,-3.1148604802111456e-05,0.0004086362090350761,-2.7755575615628915e-18,0.0047140452079103175,0.0006238428238428573,0.0025270916325088903,0.000381389378212571,0.0013837824275795562,0.01599999999999948,0.015405626677721725
recent_avg_place_3,within-race,1.1897036556374196e-05,0.0003147288360175679,0.001333333333333331,0.001632993161855449,0.0005937229437229629,0.0006508973731436635,0.0005970045526547451,0.0006439481762985514,-0.005333333333333456,0.004988876515698703
good_starts,within-race,0.0005710577547047401,0.00028945365290236705,0.001333333333333328,0.002666666666666666,0.0005637362637362697,0.00114406465579437,0.0005902565619310352,0.0007480159189256576,0.017333333333332847,0.009752492558885299
field_size,race-block,0.0005932295046506608,0.00023237749405265952,0.0006666666666666626,0.003887301263230203,0.0005449254449254703,0.0015611980862925356,0.00022378896960715267,0.0006049912012649437,0.02466666666666626,0.007774602526460595
second_best_run_recency_index,within-race,-0.0004921046939217577,0.0001810333033167371,0.001333333333333331,0.001632993161855449,0.000489417989417995,0.0007700298865284831,-0.001109516631238794,0.00029159773768649326,0.006666666666666465,0.004216370213557796
recent_margin_quality_weighted_3_gap_to_best,within-race,0.0002837983993078108,0.0002419544274835722,0.0006666666666666626,0.002494438257849294,0.0004731120731120808,0.0012430952612645315,0.0008966738033185706,0.0005936059302742269,-0.0020000000000003127,0.007483314773548104
career_wins,within-race,0.00018624269954570227,0.0003648533267190779,0.0,0.0,0.00046034151034154427,0.0003843746622891223,0.00018327304199878826,0.0007504034179482221,0.010666666666666203,0.006463573143221903
distance_change_last_run,within-race,-0.00011064243997407352,0.00043507678729616214,0.0013333333333333335,0.002666666666666667,0.00045745550745552866,0.001601599403116133,-0.0002264510489151661,0.0008290674895000705,-0.0033333333333338544,0.010327955589886398
recent_1_weight_kg,within-race,0.0006173480423967038,0.0004187409372353438,0.001333333333333331,0.004521553322083512,0.00041671661671663915,0.0018156246902135097,0.0013948453432716334,0.0007293475923503556,0.02399999999999931,0.009521904571390275
recent_barrier_percentile_last1,within-race,-0.00015887951546618152,0.0008353426828092522,0.0006666666666666626,0.0024944382578492943,0.0004077293077292987,0.0020562658412689367,-0.00038825987637070014,0.0017436541676317423,0.001333333333333009,0.02295890047696348
jockey_trainer_history_wins,within-race,0.000431537962362083,0.00035061736290763185,0.0033333333333333296,0.0021081851067789197,0.00038857253857255136,0.0017547816620240339,0.0007079025339391976,0.0005279990519107856,0.01266666666666616,0.014047538337136914
recent_min_weight_kg,within-race,0.00011204845338523839,6.513617974156718e-05,0.0,0.0,0.0003671957671957715,0.0003222669624285658,0.0002087753806451431,0.00011493066993394007,0.001999999999999602,0.004521553322083355
form_consistency_finish_percentile_6,within-race,0.0005195760328790877,9.642806502855659e-05,-2.7755575615628915e-18,0.0021081851067789197,0.0003589947089947199,0.0011607588941323398,0.00082020391069344,0.00023731145594171128,0.023999999999999667,0.009977753031397408
jockey_recent_top3_excess,within-race,-0.0004925373134328836,0.0005602137032882974,0.002666666666666662,0.001333333333333331,0.00031518481518484355,0.0011293486052182577,-0.0015845186007511281,0.001022139828125969,-0.008666666666667133,0.035502738548518334
historical_market_overperformance_last1,within-race,-8.176508760546764e-05,0.0004694203787211709,0.001999999999999996,0.004521553322083512,0.00030873200873202664,0.00286258580769667,0.00020572670594596332,0.0005912377269264588,0.021333333333332937,0.014847371634213177
recent_market_edge_weighted,within-race,-0.0003618862210686302,0.0003017521865504837,0.001999999999999999,0.002666666666666666,0.00029882154882155955,0.0016562023227417286,-0.0010238638828437452,0.0005213349561367668,-0.0006666666666671261,0.013888444437333213
sectional_ceiling_6,within-race,0.00044732857451867947,0.0003311917812803742,-2.7755575615628915e-18,0.0055777335102271735,0.00029135309135313036,0.0031177112589347617,0.0006252229586421798,0.0009915079024205322,0.029333333333332944,0.007999999999999948
recent_top3_rate_5,within-race,-2.6822409690718808e-05,2.302860924936081e-05,0.0006666666666666655,0.001333333333333331,0.00026984126984127557,0.0006594469231060573,-4.852240037154232e-05,5.887871210344952e-05,-0.0020000000000003127,0.0016329931618557073
recent_weighted_win_rate_rank,within-race,-0.00024291585550513252,0.00016318933242666763,0.0006666666666666655,0.001333333333333331,0.0002660191660191491,0.0007552518885851057,-0.00015470122434555478,0.0003693579000288456,0.014666666666666472,0.005811865258054284
recent_finish_percentile_best_3,within-race,0.00013995241185373874,0.0004932818651110079,0.001333333333333328,0.002666666666666666,0.00026315536315540955,0.0008585004248773354,0.000845937000486252,0.0008189993058428036,0.005333333333332924,0.008844332774281257
track_wins,within-race,0.00015574302401035744,0.00040837998637983925,-0.0006666666666666682,0.0013333333333333363,0.0002579365079365403,0.0013479031988647152,0.0002112434500964433,0.0006577950447588497,0.01066666666666638,0.012719189352226124
historical_market_overperformance_weighted_3_pct_in_race,within-race,-0.0005801427644386958,0.00072474182520878,0.0006666666666666655,0.005734883511361749,0.0002480112480112706,0.0028331715620386255,-0.0012108534377397006,0.001496639375541742,0.01599999999999966,0.014204850501774764
recent_finish_percentile_rank,within-race,-3.093229504651518e-05,0.0004137992620571624,0.002666666666666662,0.001333333333333331,0.00023294853294856255,0.001560563685066962,-0.0013501673407727566,0.0007925575258894632,-0.005333333333333634,0.0097979589711326
recent_finish_percentile_weighted_3_pct_in_race,within-race,0.0006772658446895896,0.00018949203747116274,0.001999999999999999,0.002666666666666666,0.00020442520442524038,0.0014029669147913666,0.0010535372610186223,0.0005309771038078105,0.014666666666666295,0.00805536398239617
distance_step_down_m,within-race,-0.00019186675319058378,0.00013009480855851713,-2.7755575615628915e-18,0.0047140452079103175,0.00017568542568543454,0.0028930991190464135,-0.0002481312576070316,0.00032200471170826,0.007999999999999475,0.013432961119739864
historical_market_overperformance_avg_6,within-race,0.000373242483235936,0.0002557297785140919,-0.0013333333333333363,0.0016329931618554558,0.00016630591630593106,0.001093680844926051,0.001170257760282123,0.0004486366847587138,0.01266666666666616,0.009285592184789348
recent_4_distance_m,within-race,-2.2928834090407692e-05,0.0002672195152903219,0.0,0.0,0.00015377585377587266,0.0005417496449068815,-0.00010328107785690932,0.0006472229183657786,0.005333333333332924,0.010666666666666791
horse_jockey_wins,within-race,-0.00026779147739564024,0.0002827132922369349,0.0,0.0,0.00014867724867727582,0.00021901279021729775,-0.00037154303938686796,0.00046363804592224604,-3.552713678800501e-16,0.004714045207910174
current_weight_minus_recent_avg,within-race,0.00040179537097115856,0.00024087769154686647,0.0006666666666666626,0.002494438257849294,0.00013898508898512184,0.0013695751918226776,0.0007117732159737322,0.00031275118774993225,0.012666666666665983,0.01019803902718548
same_track_runs,within-race,0.00011572571922988662,0.00013068761638994195,0.0,0.0,0.00012489177489177772,0.0001822777739824736,0.0001879996254652738,0.00017207221983576063,0.001333333333333009,0.006863753427324549
recent_avg_speed_mps,within-race,8.67402119835603e-05,0.000722374646765801,-0.004666666666666669,0.003399346342395187,0.00012338772338772453,0.0021835786242131393,-0.0012376873549057698,0.0012773723464529897,0.025999999999999624,0.008273115763993838
recent_1_total_runners,within-race,-0.00011291369240757909,0.00018382842488548089,0.0,0.0,9.975949975949971e-05,0.00021025705982007865,-0.000272094846999682,0.00032063395893184866,0.005333333333332924,0.006531972647421941
career_thirds,within-race,-6.0566731559852375e-06,5.696220785277645e-05,0.0,0.0,9.531024531024279e-05,5.2266440527091406e-05,3.6606764093427556e-05,0.00017880028378414412,0.005333333333332746,0.0016329931618552721
winningPartnership,within-race,-0.0005156824572788432,0.0003100809211236473,-0.0006666666666666682,0.0032659863237109034,6.679616679617917e-05,0.0016907998532727764,-0.0007905015299132679,0.0007403338202475916,0.007999999999999651,0.007774602526460595
class_adjusted_finish_percentile_weighted_3,within-race,-0.0001665585117889279,0.00040224367975867463,0.001333333333333331,0.0033993463423951913,5.856365856368173e-05,0.0015289312882605405,-0.0007728930968687209,0.0007820470433992775,0.0046666666666663305,0.012036980056845371
recent_4_total_runners,within-race,0.0002649794505731773,0.0007122259435210288,0.0006666666666666655,0.005333333333333336,4.472009472011873e-05,0.002140929594988873,0.0009179757692004742,0.0014327591475105656,-0.0013333333333337195,0.01309792180292566
recent_finish_percentile_weighted_6,within-race,-0.0014698247890979842,0.000628046351461587,-2.7755575615628915e-18,0.0021081851067789197,4.144744144746193e-05,0.0019835643950852472,-0.0023566037213673674,0.0012057486678187666,-0.0026666666666670833,0.015549205052920794
recent_finish_percentile_weighted_6_minus_race_median,within-race,0.002535799264546834,0.0016117934438504796,-0.0013333333333333363,0.003399346342395189,2.3361823361844893e-05,0.003256274678184239,0.003278655240610373,0.0034331140677771738,0.0399999999999995,0.02573367875415821
first_up_wins,within-race,-8.306294613891207e-05,0.00010100854970001435,0.0,0.0,1.5873015873013595e-05,3.1746031746027184e-05,-0.00012553136335595737,0.00018235078956676788,0.0006666666666665932,0.0013333333333331865
best_run_is_last_start,within-race,0.0,0.0,0.0,0.0,0.0,0.0,0.0,0.0,0.0,0.0
best_run_within_last_2,within-race,0.0,0.0,0.0,0.0,0.0,0.0,0.0,0.0,0.0,0.0
best_run_within_last_3,within-race,0.0,0.0,0.0,0.0,0.0,0.0,0.0,0.0,0.0,0.0
distance_step_down_pct,within-race,0.0,0.0,0.0,0.0,0.0,0.0,0.0,0.0,0.0,0.0
distance_step_up_m,within-race,0.0,0.0,0.0,0.0,0.0,0.0,0.0,0.0,0.0,0.0
heavyGroundPro,within-race,0.0,0.0,0.0,0.0,0.0,0.0,0.0,0.0,0.0,0.0
hotStreak,within-race,0.0,0.0,0.0,0.0,0.0,0.0,0.0,0.0,0.0,0.0
large_weight_drop_flag,within-race,0.0,0.0,0.0,0.0,0.0,0.0,0.0,0.0,0.0,0.0
last3_win_percentage,within-race,0.0,0.0,0.0,0.0,0.0,0.0,0.0,0.0,0.0,0.0
recentPodium,within-race,0.0,0.0,0.0,0.0,0.0,0.0,0.0,0.0,0.0,0.0
recent_margin_quality_best_3,within-race,0.0,0.0,0.0,0.0,0.0,0.0,0.0,0.0,0.0,0.0
recent_runs_count,within-race,0.0,0.0,0.0,0.0,0.0,0.0,0.0,0.0,0.0,0.0
recent_same_distance_runs,within-race,0.0,0.0,0.0,0.0,0.0,0.0,0.0,0.0,0.0,0.0
recent_win_rate_5,within-race,0.0,0.0,0.0,0.0,0.0,0.0,0.0,0.0,0.0,0.0
same_track_distance_runs,within-race,0.0,0.0,0.0,0.0,0.0,0.0,0.0,0.0,0.0,0.0
same_track_distance_top3_rate,within-race,0.0,0.0,0.0,0.0,0.0,0.0,0.0,0.0,0.0,0.0
second_up_wins,within-race,0.0,0.0,0.0,0.0,0.0,0.0,0.0,0.0,0.0,0.0
weight_drop_after_close_run_flag,within-race,0.0,0.0,0.0,0.0,0.0,0.0,0.0,0.0,0.0,0.0
soft_wins,within-race,7.981829980530097e-05,0.00014175205911159922,0.0,0.0,-2.7513227513209504e-05,4.711223537688022e-05,0.0003450097878104685,0.00023649036934862583,-0.0013333333333335417,0.0016329931618557073
recent_2_track_status_value,within-race,-1.0815487778481624e-06,8.347707079871016e-05,0.0,0.0,-3.941798941798913e-05,0.0001287748515940602,-8.396807555310914e-06,0.0001586491757126431,-0.00400000000000027,0.0024944382578493043
weight_change_from_last_run,within-race,6.186459009294154e-05,0.00021306856796840052,-2.7755575615628915e-18,0.0021081851067789197,-4.57671957671546e-05,0.0013194094291941883,0.0002805691244015307,0.0004751869710471435,-5.329070518200751e-16,0.008692269873603461
recent_best_speed_rank,within-race,0.0009255894440838963,0.0005909138128265503,0.002666666666666662,0.0032659863237109064,-5.625115625114141e-05,0.0011489274663313398,0.001094264458229599,0.0008864253080252162,-0.004000000000000448,0.02174600857373329
recent_last600_best_6,within-race,-0.0001624486264330871,0.0002056767976981064,-2.7755575615628915e-18,0.0021081851067789197,-8.745328745325409e-05,0.001008625173213597,-0.00021021893720396534,0.0004199462368583339,-0.004666666666667041,0.00541602560309081
distance_wins,within-race,6.251351935966376e-05,0.00016321054844764413,0.0,0.0,-0.00010211640211640338,0.00031364372461670166,0.00019885064337570312,0.00028900709044542684,0.001333333333333009,0.004988876515698324
historical_implied_probability_weighted_6,within-race,0.0012658446895954967,0.0007947800325291265,-0.0013333333333333391,0.003999999999999999,-0.00011988936988932553,0.00272114520381395,0.0010939724163478103,0.0016613019261711237,0.031999999999999675,0.0148473716342134
recent_4_track_status_value,within-race,0.0003287908284663299,0.00012345394890343295,-0.0006666666666666682,0.0013333333333333363,-0.00012280497280494628,0.0005748397534998667,0.0007562553723939658,0.00034133202587500284,0.017333333333333024,0.005734883511361759
sectional_average_6,within-race,-0.0006532554618213116,0.0006589659342808775,-5.551115123125783e-18,0.0029814239699997203,-0.00015241055241050906,0.0013889449089742505,-0.0009941087394207849,0.0014644709698404255,0.013999999999999346,0.01062491830033943
recent_5_track_status_value,within-race,0.0002831494700410886,0.0001520696043075827,-0.0013333333333333363,0.0016329931618554558,-0.00019492544492544228,0.0008676353154255716,0.0005389602495804446,0.0002725124606871595,0.01333333333333293,0.0036514837167010293
historical_run_quality_best_3,within-race,-0.00028293316028555894,0.00016229662003431394,-0.0020000000000000044,0.0016329931618554558,-0.0002068302068301886,0.0008929253694398452,-0.0007511401905648362,0.0003704944124126632,0.011333333333332796,0.007180219742846073
recent_max_weight_kg,within-race,-0.0011553104044992545,0.0005319471635596819,-2.7755575615628915e-18,0.00557773351022717,-0.00021473341473340345,0.003166866231064478,-0.0019595670629509064,0.00048308184526367655,0.000666666666666238,0.019367785395112077
sectional_last600_seconds_weighted_6,within-race,0.00038546398442564913,0.0002349890664343899,-2.7755575615628915e-18,0.0021081851067789197,-0.00021827801827801753,0.001356066626337466,0.0008303226684191145,0.0004756874066081433,0.0033333333333329662,0.005577733510227087
recent_avg_margin,within-race,-0.0007345879299156532,0.0004585600501434769,0.001333333333333331,0.001632993161855449,-0.0002389129389129163,0.0010248706082252972,-0.0006115779585755376,0.0008800120547957014,-0.004666666666667041,0.010241527663824782
weight_kg,within-race,-0.000878001297858555,0.00058593653435052,0.001999999999999999,0.002666666666666666,-0.00024201539201539334,0.0006990579728660666,-0.0020231265934004482,0.0008080586580820198,-0.011333333333333685,0.008326663997864638
class_adjusted_finish_percentile_weighted_3_minus_race_median,within-race,4.9751243780704614e-06,0.0005401339924346148,0.001999999999999996,0.001632993161855449,-0.0002585932585932538,0.0013297723820530555,0.00023184137307472597,0.0010681907513124056,0.001333333333333009,0.015577761927397316
soft_starts,within-race,8.176508760540102e-05,9.836648972959914e-05,0.0,0.0,-0.000267748917748889,0.0005230502582111726,0.00021389096923396522,0.00016635184667710627,-0.0013333333333337195,0.00618241233033044
best_run_recency_index,within-race,0.00045446679645244625,0.00010345487544905335,0.0,0.0,-0.0002687349687349516,0.0001591398541769008,0.0008011083985342005,0.0003359423913345641,0.0033333333333327884,0.005163977794942998
jockey_trainer_history_runs,within-race,0.0006532554618213559,0.0005423520141414737,-0.000666666666666671,0.0024944382578492956,-0.0002826673326672968,0.0011652437851836942,0.001575825867534153,0.0009211925564253405,0.022666666666666124,0.014204850501774955
recent_1_distance_m,within-race,-0.0004103396063162679,0.0002525073380749201,0.001333333333333331,0.001632993161855449,-0.000285865985865974,0.0008866976839496438,-0.0008819273763542412,0.000493445210667261,0.006666666666666288,0.006992058987800918
margin_quality_ceiling_6,within-race,-4.153147306944494e-05,0.00017680143735572854,0.0,0.0,-0.0003082010582010519,0.00019115655971976717,-1.2655488559421002e-05,0.00039886832958113845,-0.005333333333333634,0.0016329931618552724
recent_6_total_runners,within-race,0.0004457062513519183,0.0003855490665837977,-0.000666666666666671,0.003887301263230204,-0.0003231971731971539,0.0017013171460100482,-8.243493289317172e-06,0.0006481348617779645,0.0346666666666664,0.011274356350191967
jockey_trainer_history_top3,within-race,0.0001907852044127134,0.0007691135414949924,-2.7755575615628915e-18,0.0036514837167011104,-0.00033367003367001935,0.00319429730986215,-8.686867103442353e-05,0.0013158287184714642,0.006666666666666288,0.0338624669312008
recent_margin_avg_3,within-race,-0.00013454466796456455,5.9296497396704075e-05,0.0,0.0,-0.0003516354016353751,0.0002500122838350701,-0.0005941527775730649,0.0002274023377369789,-0.0033333333333336766,0.005577733510227405
recent_2_barrier,within-race,-0.0005310404499243137,0.0004989699235364549,-0.0013333333333333363,0.004521553322083514,-0.0003572520072519736,0.0023187576215030086,-0.001167353351239253,0.0011878124691477518,0.014666666666666116,0.015143755588800689
track_win_rate_rank,within-race,-0.00040276876487135296,0.00028331756008426765,0.0,0.0,-0.0003961279461279221,0.0003461981489696715,-0.0004763247084688338,0.0007437931131165773,0.006666666666666288,0.004714045207910174
track_starts,within-race,0.0002926670992861258,9.400046495018711e-05,-0.0020000000000000018,0.002666666666666668,-0.00045519480519480294,0.001177708516759795,0.0004204246215480545,0.00020848826116548198,0.009333333333333017,0.008273115763993838
current_class_level,race-block,0.000137140385031298,0.00016870275051703758,0.0,0.0,-0.00047623672623671177,0.0003787684999858436,8.838675029130272e-05,0.0003252371280487869,0.011333333333332973,0.009797958971132418
good_wins,within-race,-0.0002738481505516033,0.00027183381133787923,0.0,0.0,-0.0004854497354497167,0.0003299748928557762,-0.00039567113916039176,0.00047088597643636697,-0.005333333333333634,0.00541602560309081
age,within-race,0.0001884057971013986,8.207922058909091e-05,-0.0020000000000000044,0.0016329931618554558,-0.0004886724386724217,0.0008761369079301543,0.00037308948714418475,0.00013957703087101716,0.01599999999999966,0.00646357314322194
recent_finish_percentile_weighted_6_rank_in_race,within-race,0.0003188405797101224,0.0002503535694306754,-0.0006666666666666682,0.0013333333333333363,-0.0005119047619047467,0.0008935879822923941,0.0005216328434179296,0.0005315500962307077,-0.0006666666666671261,0.005734883511361781
class_adjusted_finish_percentile_weighted_3_rank_in_race,within-race,5.1481721825608065e-05,5.572485253998562e-05,0.0,0.0,-0.0005576719576719569,0.00028065853165057684,8.450544674838411e-05,8.39518128172959e-05,-0.011333333333333862,0.00541602560309081
last3_place_percentage_rank,within-race,-8.652390222807505e-06,2.8377004020964767e-05,-0.0013333333333333363,0.0016329931618554558,-0.0005919913419913048,0.0007519197692155475,-2.6287598671359547e-05,5.389398362210764e-05,0.007999999999999475,0.006863753427324791
weight_change_vs_recent_avg,within-race,0.0016362751460090364,0.0007400516302199843,-0.0013333333333333363,0.004988876515698585,-0.0006329133829133693,0.002701262791967417,0.0027281607240983163,0.0013787915078266688,0.01933333333333298,0.01597219806761468
condition_top3_rate_smoothed,within-race,0.0011418991996539284,0.0014667126025798315,-0.00266666666666667,0.007118052168020875,-0.0006422799422799331,0.004885587100004259,0.0009691719229040884,0.003631916675003055,0.002666666666666195,0.027030846576951012
recent_last600_avg_6,within-race,0.0007283149470040939,0.00046391400623402957,-0.000666666666666671,0.003887301263230199,-0.0006519850519850379,0.0016816411108157682,0.0008545011721301065,0.0008660582344686699,0.018666666666666033,0.02017699460056206
recent_finish_percentile_std_6,within-race,0.001426562837983969,0.0007991423327201039,-0.0033333333333333353,0.006992058987801008,-0.0006879971879971802,0.004204580806933204,0.00297973678650445,0.0010796683603359006,0.031999999999999675,0.02276449477195193
recent_finish_percentile_avg_3,within-race,-0.0011109669046074134,0.00021636831351007634,-0.002666666666666667,0.005333333333333335,-0.0007112369112368788,0.002522936178165889,-0.0019554238365838473,0.0005751061178708563,0.019999999999999574,0.010954451150103359
sectional_last600_best_6,within-race,-7.916937053866757e-05,0.00032913389890918635,0.001999999999999996,0.004521553322083516,-0.0007375790875790766,0.0023886481109059543,0.0006884507917819249,0.0006604626978215615,-0.004000000000000448,0.00800000000000023
recent_weighted_avg_margin,within-race,-0.0007812026822409778,0.0005423040878076382,0.001333333333333328,0.004000000000000003,-0.0007565157065156924,0.002210831615907535,-0.0016814792290161585,0.0011514440078083403,0.011999999999999567,0.010873004286866782
best_finish_percentile_at_equal_or_higher_weight,within-race,-0.00024032013843826582,0.00027104173425933836,0.0033333333333333296,0.0021081851067789197,-0.0008018333518333365,0.0016805116551812972,-0.0007505155125087093,0.0005152983985751486,-0.010000000000000498,0.010110500592068616
jockey_trainer_history_win_rate,within-race,-0.0005098420938784542,0.00027482969531820273,-2.7755575615628915e-18,0.0021081851067789197,-0.0008044011544011242,0.0010010982643702047,-0.0010367301413956476,0.0004797025883244433,-0.007333333333333592,0.013727506854649539
recent_last600_std_6,within-race,-0.00010599178022931976,0.0001228650836395405,-0.0020000000000000018,0.002666666666666668,-0.0008373237873237737,0.0012213327212451516,5.3597125990290095e-05,0.0003176990939780017,-0.0026666666666670833,0.005734883511361719
recent_avg_margin_3,within-race,-0.0016052346960847563,0.00048056579902551537,-2.7755575615628915e-18,0.0036514837167011057,-0.000844683094683063,0.003649467303949084,-0.0022891795251990033,0.0009144283332515638,-0.016000000000000368,0.026616619703569565
current_form_strength_pct_in_race,within-race,0.0003510707332900598,0.0007345621328045749,-0.0013333333333333391,0.002666666666666668,-0.0008458134458134258,0.0019363139264946159,-0.00044946101475575875,0.0011039180744179158,0.013999999999999523,0.011813363431112892
similar_distance_finish_percentile_weighted_pct_in_race,within-race,-0.00015877136058839447,9.968195685565593e-05,-0.00266666666666667,0.0024944382578492956,-0.0008522126022125875,0.0014534242905326646,-0.0003694726640234514,0.00020094326622514344,0.019999999999999574,0.010954451150103088
place_percentage,within-race,0.000570408825438018,0.00025648956060280625,-2.7755575615628915e-18,0.005962847939999437,-0.0008525326525326449,0.002114949036603315,-0.0011020386913928703,0.0009546873384430854,0.0039999999999995595,0.011999999999999912
recent_margin_weighted_6,within-race,-0.0008336577979667137,0.0007436638165818306,-0.0020000000000000018,0.0049888765156985895,-0.0008597865097864754,0.00289156213014555,-0.002679925061153998,0.0017859276516046761,0.03466666666666622,0.018926759422104485
form_ceiling_minus_average,within-race,-0.001685485615401272,4.3086383965644755e-05,0.0006666666666666598,0.0032659863237109047,-0.0008778462278462018,0.002400817754782246,-0.0026257864769453575,0.0006823134064031259,-0.023333333333333782,0.023380903889000146
current_weight_minus_last,within-race,8.544235345009366e-05,3.462983399317539e-05,-0.0020000000000000044,0.0016329931618554558,-0.0008848484848484773,0.0007563990861933447,0.000189328517555154,0.0001928776173310634,-0.0006666666666669485,0.0024944382578493997
historical_step_up_observations,within-race,-0.0004566298940082536,0.0007469142971655164,0.0006666666666666626,0.0024944382578492943,-0.0009387223887223906,0.0019143738459093604,-0.0012949448552654452,0.0013336128039217934,-0.016666666666667142,0.007302967433402302
recent_margin_quality_weighted_3_minus_race_median,within-race,0.0007365347177157533,0.0005230945073824133,0.0,0.0055777335102271675,-0.000950680800680792,0.003000803417861156,0.0003598127068675794,0.0014306017060175494,-3.552713678800501e-16,0.019663841605003472
class_adjusted_margin_quality_weighted_3,within-race,-0.0007268007787150976,0.00026478359579074296,-5.551115123125783e-18,0.0029814239699997203,-0.001023456173456161,0.0022000646581770353,-0.0015700087213785352,0.0007306587039421495,-0.0013333333333335417,0.008055363982396391
historical_run_quality_last1,within-race,8.868699978314964e-06,0.0005142431319962171,-2.7755575615628915e-18,0.0047140452079103175,-0.0010367465867465841,0.0025649247191919934,-0.00120092626674273,0.0012562179797975226,0.013333333333333109,0.011352924243950882
recent_margin_quality_weighted_6,within-race,-6.402768764874889e-05,0.0005643138262644856,-0.0006666666666666682,0.0013333333333333363,-0.001044588744588726,0.0012319323818570154,-0.0003185988976245113,0.0011366570954708909,0.005999999999999517,0.011813363431112762
recent_6_distance_m,within-race,0.00035107073329008196,0.00014898011517054817,-0.0013333333333333363,0.0016329931618554558,-0.0010497354497354006,0.0009492469746457406,0.0006890490073257815,0.00035133954006526106,0.001999999999999602,0.004988876515698348
recent_2_margin,within-race,0.0011098853558295207,0.0001425519036235726,-0.0020000000000000018,0.002666666666666668,-0.0010606893106892667,0.0016395308753271566,0.002256526720758778,0.0004291056016760576,0.017333333333332847,0.014966629547095756
recent_margin_quality_weighted_3_pct_in_race,within-race,-0.0016069651741293712,0.000563476492098428,-0.000666666666666671,0.0038873012632301995,-0.0010752506752506608,0.0022809622345940635,-0.002548390987721305,0.001112743774618298,0.007333333333332881,0.011813363431112783
last3_place_percentage,within-race,-0.0002656283798399439,0.0001281488805127238,-0.0026666666666666726,0.0013333333333333363,-0.001091245791245765,0.0008493869313152951,-0.0005846945948194459,0.0002429435696588837,-0.00200000000000049,0.010873004286866814
recent_3_track_status_value,within-race,-5.472636815926357e-05,0.00016259761310426495,0.0,0.0,-0.0010968790468790512,0.0003620996362279854,0.00022195898942705127,0.0002757030890491568,-0.004666666666667041,0.0045215533220838
recent_margin_slope_6,within-race,0.0012967769846419452,0.0005891103961749602,-0.0040000000000000036,0.0032659863237109016,-0.0011049302549302365,0.002595618465597822,0.0025986830372965565,0.0017090740105735714,0.033999999999999454,0.029544693074880633
recent_finish_percentile_avg3_minus_avg6,within-race,-0.0022597880164395346,0.0007417960123840135,-0.004000000000000001,0.004898979485566353,-0.0011297646797646665,0.0031532930771392166,-0.004659605251245225,0.0014456579838390395,0.01266666666666616,0.018903262505010295
recent_wins,within-race,8.522604369456399e-05,9.52509883278011e-05,-0.0020000000000000018,0.002666666666666668,-0.0011318810818810809,0.0013401773613129606,8.749887248278298e-05,0.0002273245733688585,0.0006666666666664157,0.0024944382578493043
same_track_top3_rate,within-race,-0.0011579061215661213,0.0009030176085929176,-0.000666666666666671,0.0038873012632302043,-0.0011860195360194892,0.002214762809297898,-0.0027385302347771477,0.0017713750356065895,0.0006666666666660604,0.02037427571991493
recent_6_place,within-race,-0.0005485615401255251,0.000857055284237986,0.001333333333333331,0.004521553322083516,-0.001188492988492984,0.0033887965793007874,-0.003037209119817774,0.001596327514967764,0.0046666666666663305,0.021868292622475544
similar_distance_margin_quality_weighted,within-race,-0.0008126757516764282,0.0003467254435603139,-0.000666666666666671,0.0024944382578492956,-0.0012425481925481875,0.0010304242625793643,-0.0009048292772765975,0.0004323541507490092,-0.01000000000000032,0.009428090415820788
distance_starts,within-race,9.474367293962337e-05,0.000319228497937893,-0.0013333333333333391,0.002666666666666668,-0.0012505587005586683,0.0015968562146124433,-0.00047083954267472804,0.0007854795455646606,-0.00200000000000049,0.014079141387962074
distance_m,race-block,6.056673155896419e-06,0.00010623121631056506,-0.002666666666666667,0.004898979485566353,-0.0012629148629148435,0.0024204834803155614,0.0001866992413099844,0.00037928441255483906,0.0073333333333327035,0.00742368581710674
recent_avg_similar_distance_speed_mps,within-race,5.094094743667288e-05,0.000255911536601405,-0.004666666666666666,0.00748331477354788,-0.001278617678617666,0.004029754453805203,-0.0007846323349371076,0.001002320901252951,0.013999999999999523,0.02037427571991476
dry_rating,within-race,0.0033715120051914125,0.0015429284647029125,-0.004000000000000001,0.0038873012632301986,-0.0012888537388537125,0.002620777550190875,0.003316475692768872,0.002875476535506237,0.06066666666666638,0.01730767331432963
similar_distance_finish_percentile_weighted,within-race,0.0005045425048669338,0.00022285731824552433,-0.005333333333333334,0.004988876515698584,-0.001290339290339293,0.003257487132655896,0.0002973796157774267,0.0004090661599831845,0.021999999999999707,0.010873004286866716
sectional_closing_speed_ratio_weighted_3,within-race,-0.0003853558295479509,0.0004281662425077759,-0.000666666666666671,0.0024944382578492956,-0.00129535649535647,0.0013897397449161295,-0.0008275794956868587,0.0008344466319925865,0.007333333333333058,0.015972198067614473
jockey_trainer_history_top3_rate,within-race,0.0001639627947220168,0.00021554113929985353,-0.0013333333333333363,0.003399346342395189,-0.0013043049543049357,0.002078488431137624,0.0007778042369798399,0.0005338430751208445,0.005333333333332924,0.008055363982396332
condition_win_rate_smoothed,within-race,0.0008230586199437396,0.0008365196355215093,-0.0013333333333333363,0.005811865258054231,-0.001323879823879792,0.00308104885488368,0.0017579180330085542,0.002016088876369335,0.000666666666666238,0.010413666234542105
similar_distance_finish_percentile_weighted_minus_race_median,within-race,-0.00013692407527583496,0.00017826417546996159,-0.0033333333333333353,0.0029814239699997203,-0.0013273929773929606,0.0014611546748794265,-0.00038126656552650573,0.00043529168047025006,0.025333333333332854,0.009568466729604708
hidden_sectional_run_best_3,within-race,4.715552671425982e-05,0.0004221176114033711,-0.0013333333333333391,0.002666666666666668,-0.0013390461390461294,0.0007420954524580736,-0.00025887339455632485,0.0008660832896857468,-0.0033333333333338544,0.019206480387850406
best_finish_percentile_at_stronger_class,within-race,0.0010220635950681123,0.0006368990884193583,-0.0020000000000000044,0.004988876515698585,-0.0013570041070041007,0.0024257516541223065,0.0017867051680846124,0.0011481821841535778,0.019333333333332803,0.01289271973720914
recent_2_distance_m,within-race,-0.00048064027687653164,0.00098462827406032,-0.003333333333333341,0.0,-0.0013584008584008544,0.0009611148251788914,-0.0013804059932275513,0.00231672811995606,0.009999999999999431,0.016599866130651453
recent_margin_slope_3,within-race,0.00018927103612367268,0.0005730779883924536,-0.0026666666666666726,0.0061101009266077855,-0.0013940596440596199,0.003371687719246622,-0.0008392708524184833,0.0013298480045594997,0.021333333333332937,0.0102415276638247
career_win_rate_rank,within-race,0.0006238373350637927,0.00025708885376178007,-0.0006666666666666682,0.001333333333333336,-0.0014083527583527377,0.0013113309488355866,0.0009717381313236295,0.0006070669486071768,0.007999999999999475,0.010241527663824737
recent_1_starting_price,within-race,0.00015184944841009073,0.0004791002776743163,-0.0020000000000000018,0.002666666666666668,-0.0014171014171014073,0.0010929296683114035,-0.00015476125068012437,0.001309792545040627,0.007999999999999651,0.004988876515698727
recent_weighted_avg_margin_rank,within-race,0.0025693272766601273,0.002333440382850468,-0.0013333333333333363,0.007180219742846002,-0.0014756835756835507,0.0043113929967577335,0.002987193719256709,0.003931330004489905,0.026666666666666394,0.026583202716502503
second_up_starts,within-race,0.00012156608263029778,0.00033191574302506916,-0.0033333333333333383,0.0036514837167011057,-0.001481265031265011,0.0013374567149079055,0.0002546723456782196,0.0006316525515260197,-0.006666666666666998,0.006992058987801256
recent_finish_percentile_slope_6,within-race,-0.0011592039800995657,0.0002109762095142421,0.001333333333333328,0.002666666666666666,-0.0014885410885410622,0.0016454566584160708,-0.0009910086104166992,0.0005100670328795686,-0.04000000000000057,0.019776529298921652
career_starts,within-race,-0.00019013627514601338,0.0001271901362751141,-0.003333333333333341,0.0,-0.0015102693602693563,0.0004895003411173708,-0.00017087758925393715,0.00028817670359256714,0.0046666666666663305,0.004521553322083355
recent_4_weight_kg,within-race,0.00020917153363617658,0.0005127260363685997,-0.0033333333333333383,0.0021081851067789197,-0.0015265993265993205,0.0012262295775523017,0.0006099971698914075,0.0007670516534734469,-0.001333333333333897,0.014996295838935856
recent_finish_percentile_last_minus_avg3,within-race,0.0004382435647847238,0.00034950690125073005,-0.002666666666666667,0.0032659863237109047,-0.0015323935323935055,0.0010227055762580383,0.0005515969990349312,0.0007770011216860716,0.011999999999999567,0.01720465053408494
current_form_strength_rank_in_race,within-race,0.0001529309971879167,0.00047856039071172534,-0.0006666666666666682,0.004422166387140535,-0.0015471454471454372,0.0022745110664290865,-0.00029820301115917046,0.0010212150614359544,0.023999999999999667,0.006798692684790276
recent_finish_percentile_last1,within-race,0.00022020333117023227,8.678200741544736e-05,-0.0020000000000000044,0.0016329931618554558,-0.00155413660413658,0.0007450137028350234,0.0008744424449434795,7.185643573683925e-05,0.017333333333333024,0.011813363431112762
recent_best_margin,within-race,0.000481181051265378,0.00037355673971304444,-0.002666666666666667,0.0032659863237109047,-0.0015544252044252028,0.0022444737491316776,0.0007681449759919801,0.0009393233086064358,-0.006666666666667176,0.011737877907772693
recent_5_total_runners,within-race,-0.0003469608479342634,0.0005795238303173444,-0.0006666666666666682,0.004422166387140535,-0.0015841177341177181,0.0026151668719982288,-0.0011350599791784433,0.000624905336010595,-0.006000000000000583,0.009285592184789436
recent_6_weight_kg,within-race,-8.1656932727725e-05,0.0006907048582937907,-0.0033333333333333383,0.0021081851067789197,-0.0016000721500721404,0.0014468135650144939,0.000592161257014201,0.0012130792472014632,0.005999999999999517,0.014204850501775165
recent_3_distance_m,within-race,-0.0002578412286394327,0.00014840110459873342,-0.004000000000000006,0.001333333333333331,-0.001610652310652294,0.0010045578142655039,-0.00037024371943523705,0.0003564404409450989,-0.0026666666666670833,0.006463573143221683
career_seconds,within-race,0.0011282716850529839,9.698640543012165e-05,-0.0033333333333333383,0.0021081851067789197,-0.001618566618566597,0.0015253793457455553,0.002392659503045813,0.00017458576977448138,0.01866666666666621,0.00956846672960498
distanceFamiliarity,within-race,-0.0003770279039584601,0.00017279934304467238,-0.0013333333333333363,0.003399346342395189,-0.0016293706293705856,0.001457980543637562,-0.0006362953995234122,0.00031475545369749093,-3.552713678800501e-16,0.005163977794943342
recent_last600_weighted_6,within-race,-1.2545965823096417e-05,0.00010710631662574598,-0.0026666666666666726,0.0013333333333333363,-0.001635185185185173,0.0005526735526199055,0.00014197587575637272,0.0002156216579304851,-0.004000000000000448,0.005333333333333523
recent_barrier_percentile_avg_3,within-race,0.00037940731126966386,0.0007428640120983791,0.0006666666666666655,0.0032659863237109064,-0.0016492840492840389,0.0031854962770191445,0.0009704716055850326,0.0015710604134940127,0.0033333333333329662,0.0316929715306792
abs_distance_minus_recent_weighted_avg,within-race,-0.0010612156608263313,0.0003960473907788639,-0.0013333333333333335,0.002666666666666667,-0.001649543049543034,0.0018216448182179308,-0.002431992838533503,0.0009716620265554673,-0.015333333333333598,0.019160143817599826
recent_4_margin,within-race,-0.0015362318840580036,0.0006561001874737366,0.0006666666666666626,0.0024944382578492943,-0.0016554186554186279,0.002130707124324796,-0.0030601810299710763,0.0013326486540378064,-0.013333333333333818,0.028126697479638647
recent_finish_percentile_weighted_3_minus_race_median,within-race,0.0006401687216093021,0.0005310997445632855,0.0006666666666666626,0.006463573143221772,-0.001690552040552018,0.002947519055916161,0.0004499162900450493,0.0011346272371277513,0.0039999999999995595,0.009752492558885216
current_weight_change_pct,within-race,-0.0007291801860264124,0.000506632543556814,-0.0033333333333333327,0.005962847939999439,-0.0016946997446997236,0.003355549276234317,-0.0010441427813365322,0.0010854012348197792,0.005333333333333102,0.00884433277428115
recent_6_margin,within-race,-0.0004150984209388087,0.0004939295556729668,-0.0013333333333333363,0.0016329931618554558,-0.001705074555074526,0.0009311451373884407,-0.0009209402057839711,0.0010263162394338827,-0.010666666666667091,0.015260697523012635
form_ceiling_finish_percentile_6,within-race,-0.0003423101881895096,0.00031700672534496095,-0.0026666666666666726,0.0013333333333333363,-0.001719119769119737,0.0005280747599650188,-0.0008869654129733285,0.0005158331154440494,0.009999999999999431,0.006992058987800918
abs_distance_change_last_run,within-race,-2.3577763357152115e-05,0.00047002044295822764,-0.0006666666666666682,0.001333333333333336,-0.001730134680134665,0.0016595718170383255,0.0004919935382960538,0.0009121754178976474,-0.014666666666667183,0.019618585292749596
recent_best_speed_mps,within-race,0.0008782176076140846,0.000610392249436974,-0.0020000000000000018,0.0049888765156985895,-0.0017486531986531828,0.0036674105948420683,0.0018334908660968096,0.0007301849059730288,0.015999999999999303,0.016110727964792796
recent_margin_quality_weighted_3_rank_in_race,within-race,-0.0007006272982912343,0.00038082768465030117,-0.0020000000000000044,0.0016329931618554558,-0.0017545436045435902,0.001065325778021155,-0.0022241546450902485,0.0008880263628106325,0.002666666666666373,0.004422166387140582
jockey_trainer_recent_top3_excess,within-race,-0.0015052995890114662,0.0003170369079260189,-0.005333333333333334,0.0071802197428460016,-0.0017783346283346102,0.0037741781709065554,-0.002989334520100595,0.0007241696687026073,0.02466666666666626,0.010241527663825002
current_barrier_percentile,within-race,0.00011204845338523839,0.0017176706187315722,-0.0013333333333333335,0.0045215533220835085,-0.0017804195804195567,0.0020188036112809534,0.0009838681912037294,0.0034909226605751137,0.025999999999999447,0.017688665548562077
recent_class_avg_3,within-race,-6.770495349339711e-05,0.00017138040514407207,-0.0013333333333333363,0.0033993463423951896,-0.0017878547378547215,0.0023496024658466196,-0.00020980238681547191,0.00039716010298298046,-0.009333333333333726,0.011234866364235204
recent_best_class,within-race,-0.00022496214579279528,0.00014534180688246482,-0.00266666666666667,0.0024944382578492956,-0.0018030136530136187,0.0012189948256760652,-5.1450820089016244e-05,0.0004050505310809015,-0.002000000000000135,0.003999999999999974
active_field_size,race-block,0.010391953277092813,0.002299838300490075,-0.004000000000000001,0.006798692684790381,-0.0018070540570540139,0.005024833124226539,0.007351412676756208,0.0036925353122656255,0.0519999999999996,0.023626726862225705
distance_win_rate_rank,within-race,-0.0004810728963876576,0.0007150572532440999,-0.004666666666666669,0.002666666666666666,-0.001812826062826034,0.001762911676540143,1.8482503427552643e-05,0.0015997982285060914,0.009333333333332838,0.011234866364235098
recent_finish_percentile_weighted_3_minus_race_mean,within-race,0.0005766818083495107,0.000691503890310599,-0.0033333333333333353,0.005962847939999439,-0.0018379250379250366,0.003420134558741438,0.0009372660908105069,0.0012337606406836617,-0.004000000000000448,0.01583245611605057
softGroundPro,within-race,-0.0001695868483668983,0.00032672684590617557,-0.0040000000000000036,0.002494438257849294,-0.001840015540015527,0.0009874791150279922,0.000233432133258038,0.0006800160213476576,0.009333333333332838,0.015405626677721732
recent_3_place,within-race,-0.0006050183863292701,0.00034142807631531655,-0.004666666666666669,0.0045215533220835085,-0.0018502479002478923,0.002913530273919434,-0.0012403432722506657,0.0007622079809388104,0.012666666666666337,0.009977753031397099
recent_margin_weighted_3,within-race,-3.266277309108556e-05,0.000357367938930713,-0.0033333333333333353,0.005577733510227167,-0.001851663151663141,0.00261887201500595,8.563653566397988e-05,0.0010234629854569198,0.023333333333332894,0.010110500592068498
recent_margin_avg_6,within-race,-0.0005879299156392071,0.00035077386490732856,-0.00266666666666667,0.0024944382578492956,-0.0018575036075035745,0.0013733950708698858,-0.0010218706694787195,0.0006653454653533106,-0.009333333333333726,0.010832051206181267
trackExpert,within-race,-0.00010025957170667343,0.00039170847934574213,-0.0033333333333333383,0.00557773351022717,-0.001863556813556788,0.002499513612283275,-0.0006244917879243417,0.0008523342516648364,0.013999999999999523,0.006463573143221683
recent_2_place,within-race,-0.0008431754272117953,0.0005551258533199166,-0.0040000000000000036,0.004898979485566357,-0.0018654234654234437,0.0023166213364813905,-0.0019275733968775021,0.0009669101716024808,-0.017333333333333555,0.015114378731673008
recent_finish_percentile_weighted_3_zscore_in_race,within-race,0.0007618429591174092,0.0005768558197649883,-0.0040000000000000036,0.003887301263230198,-0.0018826673326673093,0.0016221395847667906,0.0011942664891297916,0.001499117000503703,0.009999999999999431,0.008692269873603461
historical_run_quality_weighted_6,within-race,-4.1098853558318994e-05,0.00043124863917222894,-0.0040000000000000036,0.003265986323710901,-0.0018902264402264279,0.0014135854742834382,-0.0007639551300094638,0.0006559624871033963,0.01066666666666638,0.011035296904831252
margin_quality_average_6,within-race,-0.00012026822409696435,0.00011166570812058654,-0.0026666666666666726,0.0013333333333333363,-0.0018933381433381524,0.0012122971677452864,-0.0001776462627449682,0.00020205342585173902,-0.010666666666667091,0.011035296904831047
class_adjusted_finish_percentile_weighted_3_minus_race_mean,within-race,-0.00010426130218472718,0.0005869227908766746,-0.0020000000000000044,0.004521553322083515,-0.0019009028009027706,0.0023569491287353966,-0.002837997432073269,0.0009363609043833895,-0.008666666666667133,0.0033993463423951987
performance_at_current_or_stronger_class,within-race,-9.344581440624555e-05,0.0002650642833916561,-0.0033333333333333383,0.0021081851067789197,-0.0019089040589040374,0.0011413038004837938,-0.00018885572343219081,0.00041553241398768276,0.008666666666666068,0.015860503004493834
recent_finish_percentile_weighted_6_zscore_in_race,within-race,0.0004975124378109319,0.00026477939889488146,-0.0020000000000000044,0.0033993463423951896,-0.001956284456284418,0.0016918078881880847,0.000863553551621088,0.0005231832555949997,0.009333333333333194,0.00827311576399378
condition_runs,within-race,-0.0002018170019467913,0.00010359092035604644,-0.0026666666666666726,0.0013333333333333363,-0.0019589299589299557,0.0005830460715310631,-0.000295133818185267,0.0001947467982733401,-0.0020000000000003127,0.004988876515698419
recent_same_condition_runs,within-race,-0.00040017304780448626,0.0002191069412895894,-0.003333333333333341,0.0,-0.0019636511636511476,0.00027188147921150947,-0.0009243595252835135,0.00044281902775769014,0.005333333333332924,0.006182412330330402
historical_market_overperformance_weighted_3_minus_race_median,within-race,-9.106640709495295e-05,0.00016284892554298597,-2.7755575615628915e-18,0.0036514837167011057,-0.0019752580752580573,0.0014444403617889865,-0.0010260808463110394,0.0006160773630895008,-0.007333333333333592,0.00742368581710674
recent_1_barrier,within-race,-0.0004985939865888023,0.0002759793761777149,-0.00266666666666667,0.003887301263230199,-0.0019800144300144208,0.0024326604871300196,-0.0007270837403482666,0.00042215442591486755,-0.015333333333333777,0.022070593809662444
jockey_trainer_history_win_excess,within-race,0.0005658663205710512,0.0002809757982529458,-0.0013333333333333363,0.0033993463423951896,-0.001989329189329181,0.002007213638210099,0.0012035053036215438,0.0007820275672386599,-0.008000000000000363,0.01733333333333348
class_adjusted_finish_percentile_weighted_6,within-race,9.842093878429382e-05,0.00028171387336832856,-0.0033333333333333353,0.005163977794943223,-0.002073724423724399,0.0027856216757414505,-0.0006925029515973513,0.0003958558502767628,0.020666666666666167,0.008793937305515254
recent_last600_avg_3,within-race,9.322950465064927e-05,0.0003557742498454581,-0.004000000000000001,0.0038873012632301986,-0.002093698893698881,0.0027572616939066496,-9.217468358624358e-06,0.0006028770197088362,0.01333333333333293,0.01414213562373111
condition_finish_percentile,within-race,-0.000848366861345462,0.0009975240178090254,-0.0013333333333333363,0.00805536398239638,-0.002137188737188711,0.004475513710539498,-0.0027740650517042555,0.0017905544172512303,0.010666666666666203,0.027030846576951064
hidden_sectional_run_best_3_gap_to_best,within-race,-0.0006130218472853111,0.00021892791469230763,-0.005333333333333331,0.00452155332208351,-0.002146294446294439,0.0017814120859469145,-0.0016232938056843337,0.0004597984030437864,0.009333333333332838,0.011623730516108486
wet_rating_rank,within-race,0.0036863508544234813,0.00041072922361195337,-0.006000000000000003,0.005734883511361748,-0.002151008251008224,0.0022741238899093084,0.0035491198445013693,0.0008245717251931854,0.045999999999999555,0.02015495527710822
recent_finish_percentile_slope_3,within-race,0.0008769197490806624,0.0007434173727592148,-0.0033333333333333353,0.004714045207910313,-0.002154475154475155,0.00297088822840952,0.0016745989165011465,0.002145126342385875,0.005999999999999872,0.007423685817106565
prize_money_rank,within-race,0.0021522820679212183,0.0012325380362265628,-0.00266666666666667,0.005734883511361751,-0.0021717467717467633,0.003928226623006879,0.0016163905580103943,0.002322224551846293,0.023999999999999487,0.027357712704910907
recent_margin_best_6,within-race,-0.0005773307376162995,6.726989958403961e-05,-0.0013333333333333363,0.0016329931618554558,-0.0022438912938912868,0.0009729763357278692,-0.0009245704354428952,0.0002444429636657681,-0.012000000000000455,0.00909212113132401
form_class_level_weighted_6,within-race,-6.554185593770079e-05,0.0006366454360853343,-0.00266666666666667,0.00533333333333333,-0.0022909553409553142,0.0017678304438895958,-0.00033621186117995807,0.001297539044451569,-0.006666666666666998,0.010540925533894447
recent_3_margin,within-race,-0.0008044559809647911,0.0011031386962029916,-0.0020000000000000018,0.006531972647421809,-0.0022980112480112335,0.0031059198638261126,-0.0031914108643892546,0.0021993276679169145,0.003999999999999382,0.03165087325458453
recent_2_total_runners,within-race,-0.0006292450789530779,0.0005504768367441496,-0.0033333333333333353,0.004714045207910314,-0.002308769008768985,0.00254816741449334,-0.0017862060926173485,0.0014354141607910362,-0.022666666666667012,0.01806162291219237
form_class_level_weighted_3,within-race,0.00026108587497295497,0.00025907425836070596,-0.004000000000000006,0.001333333333333331,-0.002315734265734226,0.0005981578788185043,0.0003119730367037832,0.0005081987737209133,0.00666666666666611,0.006324555320336717
historical_run_quality_weighted_3,within-race,0.0003973610209820233,0.00036649511960941644,-0.004666666666666669,0.003399346342395187,-0.002342407592407547,0.0012691733957651977,0.00016857965973766654,0.0008308739884770941,0.009333333333333194,0.005333333333333301
recent_finish_percentile_weighted_3_gap_to_best,within-race,0.001248323599394352,0.0010550829350667085,-0.006,0.005333333333333328,-0.002364422614422601,0.0016199152462828888,7.661182517626486e-05,0.0020857116588004327,0.0313333333333329,0.019955506062794507
recent_1_track_status_value,within-race,-0.0003934674453817788,0.00013058983799143424,-0.003333333333333341,0.0,-0.002365140415140421,0.0003160322819526479,-0.0008410741161885227,0.00025716241990766085,-0.002666666666666906,0.0038873012632301687
recent_4_place,within-race,-0.00038038070516983603,0.0005006210661687217,-0.0026666666666666726,0.0013333333333333363,-0.0023681096681096637,0.0010553666081434287,-0.0014941302529547507,0.0010014868503787874,-0.001333333333333897,0.009797958971132805
recent_weighted_win_rate,within-race,-4.7155526714282024e-05,0.0001454730950887439,-0.0040000000000000036,0.002494438257849294,-0.00245925925925925,0.000838964512984101,-0.00024394796763305138,0.00030011923408152695,-0.004666666666667219,0.006182412330330421
recent_3_barrier,within-race,0.0006595284447328265,0.0007847872948564611,-0.0033333333333333383,0.0021081851067789197,-0.0024889758389758376,0.0015527618146640718,0.0015427751466063455,0.001674136756841694,-0.0073333333333337695,0.02101851036057916
freshWinner,within-race,5.169803158120434e-05,0.00014871456943652572,-0.0053333333333333375,0.001632993161855449,-0.0024957190957190954,0.0007529461547366531,-0.00042038332821920933,0.0003711018235897059,-5.329070518200751e-16,0.005962847939999478
jockey_trainer_history_smoothed_top3_rate_minus_race_mean,within-race,0.0005219554401902915,0.00022818433991450497,-0.0020000000000000044,0.0016329931618554558,-0.0025309597809597406,0.0017358365156209356,0.0014401486155632525,0.0006931900323638499,0.007333333333332881,0.016110727964792813
current_form_strength_minus_race_median,within-race,0.0035775470473718316,0.0014712869619886184,-0.007333333333333333,0.006798692684790379,-0.0025875531875531933,0.003545957428300709,0.0025476047035017046,0.0022971326981582173,0.06199999999999957,0.018926759422104762
recent_places,within-race,-0.0006950032446463528,0.00014488814313157978,-0.0006666666666666682,0.001333333333333336,-0.002602982202982174,0.000590065605541977,-0.0014308518869889041,0.00033000839903508933,-0.009333333333333726,0.00952190457139045
career_place_rate_rank,within-race,-0.0024992429158555486,0.002170214271598466,0.0013333333333333335,0.006863753427324664,-0.002647685647685627,0.00315679659239008,-0.006827868132214565,0.004710430447772915,-0.042666666666667116,0.022548712700383795
margin_quality_consistency_6,within-race,-0.0010644603071598758,0.0014093458569750601,-0.0020000000000000044,0.0016329931618554558,-0.0026631609131608893,0.001195241594648999,-0.0017892614533804973,0.002884511716277104,0.00999999999999961,0.01825741858350557
class_change_vs_recent_3,within-race,0.000565650010815455,0.00040211803204961565,-0.004666666666666669,0.003399346342395187,-0.0026687497687497342,0.0017166229115836683,0.0006037152575975923,0.0010046606736392046,-0.0013333333333337195,0.013597385369580689
class_change_last_run,within-race,0.000285528877352359,0.00024293521281969126,-0.0033333333333333383,0.0021081851067789197,-0.0027056665556665417,0.001217239733880732,0.0003649590449953166,0.0003014378287095727,-0.014666666666667005,0.005416025603090656
recent_5_margin,within-race,0.0006199437594635703,0.0009499455147268224,-0.002666666666666667,0.0032659863237109047,-0.002794448144448125,0.002165020273554506,0.000761370990143817,0.0020723227999212175,-0.004666666666667219,0.015289793254906214
class_adjusted_margin_quality_weighted_6,within-race,-0.00040731126973827527,0.00035674036779459657,-0.004666666666666669,0.003399346342395187,-0.0028395696895696988,0.002206167292032825,-0.00025874621336567926,0.0006668257549665095,-0.00400000000000027,0.013063945294843683
same_track_finish_percentile,within-race,-0.0021456846203764092,0.0011126785647215137,-0.004666666666666669,0.0045215533220835085,-0.0028551615051614966,0.002987996706755351,-0.0042843886464336125,0.0020322985630802965,-0.029333333333333655,0.023418890760333776
current_form_strength_minus_race_mean,within-race,0.0008347393467445397,0.0010285171539256284,-0.006000000000000003,0.004422166387140533,-0.0028695582195581992,0.0021051166264756146,-0.0011738913715166888,0.0018510024101933888,0.017333333333332847,0.013888444437332873
recent_5_weight_kg,within-race,-8.37118754056121e-05,0.0007160416044113983,-0.007999999999999998,0.002666666666666662,-0.0029219169719169823,0.001392439364924548,0.00028455088002399265,0.001536782523816586,0.005999999999999517,0.008793937305515333
recent_margin_quality_weighted_3_minus_race_mean,within-race,0.00010685701925154945,0.0007435074486772703,-0.0053333333333333375,0.0026666666666666614,-0.002999187849187834,0.0017513523359219264,-0.0012560083027337576,0.0018452939532175466,0.02466666666666626,0.012754084313139352
recent_3_starting_price,within-race,-0.001742375081116143,0.0006138027059843397,-0.0053333333333333375,0.0026666666666666614,-0.003019428719428696,0.002053407692411371,-0.004344873365054713,0.00026499156659732706,0.0033333333333329662,0.031552425509864465
sectional_last600_seconds_weighted_3,within-race,-5.321219987024506e-05,0.0003944053544635875,-0.003333333333333341,0.0,-0.0030578403078402984,0.0005030998830003268,0.00029058014635898746,0.0009266740283787274,-0.010666666666667091,0.008537498983243704
recent_margin_quality_slope_3,within-race,0.0001872160934457856,0.0009132031599326866,-0.006,0.004898979485566352,-0.003117562067562041,0.0022952984267594653,1.6826614521292527e-05,0.0016827287138603897,0.01333333333333293,0.025473297566057145
similar_distance_finish_percentile_weighted_zscore_in_race,within-race,0.0006919749080683158,0.000651817927149767,-0.0040000000000000036,0.004422166387140529,-0.003153150553150541,0.0018552983192099267,-0.0010294115154704463,0.0013328078105892813,-0.0073333333333337695,0.00975249255888501
jockey_history_starts,within-race,-0.00019716634220203754,0.0005380071529697255,-0.004666666666666671,0.002666666666666662,-0.0031679154179154235,0.001276390355102629,0.0006576332938394991,0.0011067567011091776,-0.003333333333333499,0.013165611772087655
class_step_down,within-race,-2.3361453601600246e-05,0.00032772862563361317,-0.004666666666666671,0.001632993161855449,-0.0031766714766714556,0.0009209854056383226,-0.0003471167094300398,0.0007036688173749291,-0.013333333333333818,0.009660917830793059
recent_margin_quality_weighted_3_zscore_in_race,within-race,-0.0012520008652390445,0.0007560688473472306,-0.0020000000000000018,0.0049888765156985895,-0.0032057553557553464,0.0026451773450164246,-0.00168042185458539,0.0014367537672514176,-0.021333333333333825,0.01392040867854738
recent_1_margin,within-race,-0.00020516980315812283,0.00043365933332308,-0.0040000000000000036,0.0024944382578492943,-0.003225034225034207,0.0009089096291416889,-0.00025473107031270814,0.0011139708461008948,-0.005333333333333634,0.017713773674115217
recent_margin_quality_weighted_3,within-race,0.0002065758165693099,0.0003484245940072362,-0.006000000000000003,0.0024944382578492895,-0.003230086580086544,0.0012678001158049493,-5.46177355194466e-05,0.000560429911367879,-0.00200000000000049,0.006863753427324567
secondUpWinner,within-race,0.0011717499459225288,0.0007468421587904453,-0.007333333333333333,0.0024944382578492895,-0.0032364579864579968,0.001362582096265354,0.0012145272508220727,0.0016065372651424246,0.015333333333333065,0.019390719429665325
recent_similar_distance_speed_rank,within-race,7.09495998269416e-05,0.00028472280506272764,-0.004000000000000001,0.004898979485566353,-0.0032861231361231424,0.0028362794755290898,0.0009229420280241207,0.00038306995619293867,-0.018000000000000505,0.01771377367411523
recent_weighted_avg_weight_kg,within-race,-1.9359723123502093e-05,0.00037232093219564613,-0.004000000000000001,0.004898979485566353,-0.003299814999814965,0.002702469178518677,0.00013889262856467966,0.000712286487354411,0.013333333333332753,0.016055459438389805
same_track_margin_quality,within-race,-0.0011443867618429859,0.0007449034338675715,-0.0040000000000000036,0.003887301263230198,-0.0033293225293225094,0.0018406753583070944,-0.0034690537150561694,0.0018931636542802047,-0.014666666666667183,0.005416025603090722
wet_rating,within-race,0.001049102314514383,0.00033930651912888495,-0.007333333333333333,0.005734883511361749,-0.0034275372775372627,0.003189723050479204,0.0013607585219862274,0.0005954164132366848,0.023333333333332894,0.011547005383792422
recent_form_vs_career_form,within-race,-0.0005967986156176109,0.00022355945496681283,-0.004666666666666666,0.003999999999999999,-0.003439449439449416,0.0021039543012450076,-0.0011487664188106095,0.000458389266566729,-0.018666666666667275,0.006531972647421632
hidden_sectional_run_best_3_rank_in_race,within-race,-0.0007345879299156977,0.00047107398038849903,0.0006666666666666626,0.004898979485566361,-0.0034440244940244892,0.0031011528748438517,-0.0016279947971552743,0.0012556792893022438,-0.016000000000000368,0.019020456823582905
historical_implied_probability_weighted_3,within-race,0.0002870430456413109,0.0006213490104247486,-0.0033333333333333353,0.007302967433402211,-0.0034609982609982493,0.004366891567006013,0.0007210538822077339,0.0008289238462197388,-0.004000000000000448,0.02533333333333351
recent_finish_percentile_best_6,within-race,-0.00015055158987673512,0.00043629972616570885,-0.0053333333333333375,0.002666666666666662,-0.0034837255337255347,0.0014084632970816004,-0.0006307196280023852,0.0011984899380643366,-0.007333333333333592,0.01624807680927202
recent_margin_quality_avg_6,within-race,-0.0017316677482154708,0.0009432882785114947,-0.0040000000000000036,0.0024944382578492943,-0.0035128741628741244,0.001589964413430367,-0.0037250332233556447,0.002248450399124022,-0.0026666666666670833,0.014666666666666578
jockey_trainer_history_smoothed_top3_rate_zscore_in_race,within-race,0.0005684620376378736,0.0009812285586236697,-0.006,0.007118052168020873,-0.003517290117290106,0.004093808623790862,0.0006766299338017312,0.0013826659766409863,0.007333333333333058,0.021643577440997132
second_up_win_rate_rank,within-race,0.0010346095608912086,0.0011525489625193442,-0.007333333333333336,0.0038873012632301973,-0.003536073186073163,0.0031580502133428776,0.00131399839414037,0.0024320654338869903,0.025333333333332854,0.027936435786342747
jockey_trainer_history_starts,within-race,-0.000664179104477669,0.0007112844328622486,-0.0033333333333333383,0.0036514837167011057,-0.0035372997372997263,0.0018359073683594772,-0.0010576237425156342,0.0013564307555771224,-0.013333333333333997,0.012823589374447582
recent_market_edge_rank,within-race,-0.0002673588578845809,0.0008915960137976552,-0.006000000000000003,0.009043106644167024,-0.003553420653420636,0.003717738976518327,-0.0013139119414153021,0.001852441024366521,0.025333333333332854,0.010456258094238627
historical_market_overperformance_weighted_3_gap_to_best,within-race,-0.0017947220419641142,0.0009196941876470112,-0.006000000000000003,0.005333333333333331,-0.0035770285270285028,0.003949574698255944,-0.005615018544651562,0.0023152622049274108,-0.01000000000000032,0.038412960775701
recent_margin_std_6,within-race,-0.001468526930564562,0.001209193860930753,-0.004666666666666669,0.003399346342395187,-0.0036164890664890257,0.001831288997862062,-0.003566763959035857,0.002747011639930947,-0.027333333333333876,0.016786237749352145
recent_3_total_runners,within-race,-0.0002876919749081219,0.0003325540019536,-0.00266666666666667,0.003887301263230199,-0.0036488455988455625,0.0028731411737173388,-0.0016123513978251402,0.000727485100992653,-0.021333333333333825,0.02390722810272131
recent_weighted_top3_rate,within-race,-0.00014060134112052757,0.00017938848554348926,-0.006666666666666668,0.005962847939999435,-0.0037023569023568958,0.003404369954807843,-0.0011270392444916234,0.0005590574634102173,-0.013333333333333818,0.01398411797560209
class_adjusted_finish_percentile_weighted_3_pct_in_race,within-race,-0.000732857451871105,0.0005184334318836803,-0.004666666666666669,0.006863753427324664,-0.0037355385355385185,0.0031860147068168906,-0.0031704850492345394,0.0013599049992143954,0.009333333333332838,0.00952190457139045
same_track_distance_finish_percentile,within-race,-0.00018494484101234666,0.00019282531541111087,-0.006,0.0038873012632301973,-0.0037378935878935814,0.002291488586642575,-0.0014678559040771865,0.00026305804370832433,-0.004000000000000448,0.017938165396098153
recent_finish_percentile_weighted_6_minus_race_mean,within-race,0.00016493618862212234,0.0006213459606154429,-0.006000000000000003,0.004422166387140533,-0.0037554834054833843,0.002115081604906705,0.00035959728745664775,0.0011544662563910623,0.000666666666666238,0.004898979485566227
class_drop_from_recent_best,within-race,-0.0007687648712956907,0.00031836901618347355,-0.0066666666666666706,0.0036514837167011057,-0.003761207311207282,0.0018304676839033494,-0.0013888555902521027,0.0005231750256060055,-0.018000000000000505,0.009092121131323905
historical_run_quality_slope_3,within-race,-0.00019294830196843195,0.00037568689307353247,-0.0053333333333333375,0.001632993161855449,-0.0037729492729492555,0.0011292081569926726,-0.0005106725856977689,0.0005469836355282454,0.001999999999999602,0.011469767022723766
historical_market_overperformance_avg_3,within-race,-0.000641358425265004,0.0005260420219231689,-0.0033333333333333353,0.0036514837167011052,-0.0038124967624967422,0.0019275082597140772,-0.001185231314350954,0.0008103052489847223,-0.027333333333333876,0.010832051206181182
speed_rating,within-race,-0.0009253731343283889,0.001902843472218017,-0.002666666666666667,0.006463573143221771,-0.0040106042106041965,0.0037774861735693633,-0.002187652829228881,0.004355626129249834,-0.02200000000000024,0.02305548862105414
recent_days_since_last_run,within-race,-0.00019056889465720594,0.0007415404453805036,-0.005333333333333334,0.003399346342395188,-0.004179661079661068,0.0013581739644962113,-0.00034687226833662876,0.00141810152384093,-0.010000000000000498,0.008944271909999035
win_percentage_rank,within-race,0.0005846852693056626,0.0003517010376074586,-0.0053333333333333375,0.004521553322083511,-0.004230225330225312,0.0025223052250959253,0.0004928204703584349,0.0007133041217306813,-0.018000000000000328,0.012400716825158907
historical_market_overperformance_weighted_3,within-race,-0.0005853341985723626,0.00014810095690655247,-0.004666666666666669,0.003399346342395187,-0.004416289266289208,0.0019018322950324817,-0.001584664685823345,0.00027900373473476256,-0.009333333333333905,0.008273115763993838
similar_distance_finish_percentile_weighted_gap_to_best,within-race,0.001267142548128919,0.0024902421024061774,-0.01,0.005962847939999439,-0.004460446960446951,0.0055824245844099665,-0.004756230693762653,0.006513491369312484,0.05199999999999978,0.03624607258418186
same_track_distance_margin_quality,within-race,0.0005009733939000727,0.0007368151047034334,-0.007999999999999998,0.001632993161855449,-0.004500416250416228,0.0007154769480152346,0.00025474943646228707,0.0010237726002082948,-0.005333333333333812,0.00805536398239648
best_margin_quality_at_stronger_class,within-race,-0.0005122215011897468,0.00042654539683073376,-0.006000000000000003,0.003265986323710898,-0.004510915010914984,0.002041185293511526,-0.0017721038031095482,0.0008650314290558074,-0.003333333333334032,0.021807236311728102
current_form_strength_gap_to_best,within-race,0.0002673588578844699,0.0006095486094681842,-0.008000000000000004,0.010022197585581939,-0.0045786491286491145,0.005449320569972193,-0.0014078120914057025,0.0008819265793120853,0.015333333333333065,0.023532483459630344
recent_4_starting_price,within-race,-0.0010774388924940314,0.0003590254235087249,-0.004666666666666671,0.005416025603090639,-0.004696479446479429,0.002130781924068735,-0.0008452769034663632,0.0008342018410664432,-0.020666666666667232,0.017562586496426103
recent_avg_weight_kg,within-race,-1.5141682889896479e-05,0.0003718472599890409,-0.007333333333333333,0.0024944382578492895,-0.004808706108706084,0.0013949366741819466,-0.00017487424520075124,0.0007915939538451493,-0.018666666666667275,0.016000000000000014
prize_money,within-race,-0.0007624918883841536,0.0007178577448866667,-0.007999999999999998,0.001632993161855449,-0.004826190476190461,0.001283921206472621,-0.0018559330364765537,0.0014446026718430197,-0.004666666666667041,0.016679994670928903
historical_step_down_finish_percentile,within-race,-0.0035228206792126348,0.0007188023625821657,-0.006000000000000005,0.003887301263230198,-0.004954543604543582,0.0023534875357514376,-0.007170511584152628,0.0014019343669297412,-0.032666666666667156,0.014817407180595037
recent_weighted_top3_rate_rank,within-race,-0.0005680294181267919,0.0002768016135513717,-0.006000000000000003,0.004422166387140533,-0.005102258852258823,0.0029108305037893983,-0.0013067678805962935,0.00040190592307788874,-0.02800000000000047,0.013097921802925582
class_adjusted_finish_percentile_weighted_3_zscore_in_race,within-race,-0.00024161799697171028,0.0004379696220460314,-0.007999999999999998,0.002666666666666662,-0.0055147001147001105,0.002043919758189562,-0.001729782138221836,0.000879775260040242,-0.022666666666667012,0.02037427571991472
recent_margin_last_minus_avg3,within-race,-0.00029017953709715717,0.0016068819411976752,-0.009333333333333336,0.005333333333333329,-0.005547587597587578,0.0033393919411526074,-0.0012820320606506286,0.003150426119863391,0.003333333333332611,0.022997584414213804
recent_avg_starting_price,within-race,0.0005950681375729739,0.0006512046057000431,-0.008000000000000002,0.003399346342395188,-0.005636284086284071,0.0016751920524992064,0.0006698371267901849,0.0013991972170233975,-0.006000000000000405,0.007423685817106533
sectional_closing_speed_ratio_weighted_6,within-race,-0.0006377893142981206,0.00047997443440387543,-0.01133333333333333,0.00452155332208351,-0.00607091427091423,0.002208255664389195,-0.0016244984285068043,0.0008448019397762777,0.005333333333333102,0.00618241233033044
jockey_trainer_history_smoothed_top3_rate_pct_in_race,within-race,-0.00011399524118533843,0.0006211757876544966,-0.010666666666666668,0.00573488351136175,-0.006612879712879683,0.00350453759061003,-0.0002545166854818426,0.0010224517461640804,0.0006666666666660604,0.00928559218478945
place_percentage_rank,within-race,-0.0005907419424616255,0.0009835470194028396,-0.01,0.004216370213557838,-0.007004909904909895,0.002897073217879174,-0.0020285956463373723,0.0011374585529533494,-0.030000000000000426,0.012472191289246379
historical_market_overperformance_weighted_6,within-race,0.0005495349340254752,0.0008136562978847229,-0.010666666666666663,0.0032659863237109034,-0.007338424538424526,0.00211246444528243,0.0002317885294395694,0.002458730416056714,-0.02133333333333347,0.015289793254906321
recent_barrier_percentile_std_6,within-race,-0.0016888384166125815,0.0017012256903576775,-0.009999999999999998,0.005577733510227169,-0.007591972841972805,0.0032254543837260258,-0.0034945102097752923,0.0043118262353293735,-0.022666666666667012,0.021437246921084667
recent3_vs_career_place_rate,within-race,-0.0008617780661907881,0.001441168904631438,-0.012666666666666668,0.0032659863237109034,-0.007915510415510396,0.0016308059982264864,-0.0011607154082000192,0.0030317255880962755,-0.024000000000000375,0.007423685817106564
historical_market_overperformance_best_3,within-race,0.0003997404282933381,0.0012622549733391248,-0.012666666666666668,0.0057348835113617495,-0.008148544973544947,0.0030288744575033477,0.0019516805145387117,0.002990980080502638,-0.020666666666667232,0.028237091446063338
