feature,permutation_scope,auc_drop_mean,auc_drop_sd,top3_hit_drop_mean,top3_hit_drop_sd,top3_mrr_drop_mean,top3_mrr_drop_sd
recent_finish_percentile_rank,within-race,0.0016851858723368808,0.00017220162342892684,0.0054373522458628695,0.0035539707750290696,0.0012008152079074131,0.00146204383732516
current_form_strength_rank_in_race,within-race,0.0014134722116518673,0.00046221783139888584,0.004964539007092206,0.0031184174842252806,0.000837491245292632,0.0005615701139642156
recent_2_margin,within-race,0.0003726076516359811,0.0002606274385794518,0.0044917257683214865,0.002292047213908435,0.000873368160602217,0.0007270047492631307
recent_margin_quality_weighted_3_zscore_in_race,within-race,0.00045020803060034085,0.00022981625389897976,0.004491725768321475,0.003292763186095578,-0.0006630649361146102,0.0005531271104659645
age,within-race,0.00026754134007334063,0.00021099464389515518,0.004255319148936143,0.0009456264775413697,0.00029399875144553445,0.0003338944608066451
place_percentage_rank,within-race,0.00023182593022752496,0.00018871251021946458,0.004255319148936121,0.0012054419653883559,0.00045244222549183365,0.0005657581623636753
dry_rating_rank,within-race,0.01197705769391062,0.0036182103867964236,0.004018912529550778,0.006753123809496793,0.005111110979905242,0.003796307207478462
form_average_finish_percentile_6,within-race,0.0001578712420470918,5.1365755227778156e-05,0.0033096926713947926,0.0004728132387707085,-0.00022149048744798394,0.00024227474190240033
dry_rating,within-race,0.002092972283562089,0.0007522003462443496,0.0033096926713947596,0.0008845525737054277,0.001815956567729593,0.00032660836228784294
performance_at_current_or_stronger_class,within-race,0.00030699689154416453,0.00019160859298898874,0.003073286052009405,0.0016033877028664714,-9.782639215267785e-05,0.001853163260378948
condition_finish_percentile,within-race,0.00025464127544265746,0.0005401711041940796,0.003073286052009405,0.0012054419653883342,-0.0008379051996073473,0.0009368279309856121
sectional_closing_speed_ratio_weighted_3,within-race,-0.0005139527845704484,0.00022425783249746878,0.003073286052009405,0.0009456264775413586,-0.0014552481928368666,0.001096601921549508
condition_win_rate_smoothed,within-race,0.0004879160053859577,0.0002968000740976993,0.003073286052009394,0.0016033877028664763,0.0008521554620845251,0.000939939720117666
recent_best_similar_distance_speed_mps,within-race,-8.335326806208077e-05,0.0002584811672962353,0.002836879432624084,0.000579075589310472,0.0012280463166987944,0.0007516101264178588
class_adjusted_finish_percentile_weighted_3_gap_to_best,within-race,0.00028741338073907664,7.290441660065781e-05,0.002836879432624084,0.001205441965388369,0.00024327130710107835,0.0007210101361581707
sectional_last600_best_6,within-race,8.82723170632982e-05,0.00017995969766040307,0.002836879432624084,0.0009456264775413892,-8.577579499565723e-05,0.00044377374182670966
jockey_trainer_history_smoothed_top3_rate_zscore_in_race,within-race,0.00017679114352830982,0.00021286207250984055,0.0028368794326240733,0.001920576454996688,0.0010526031625322173,0.001114109811672747
speed_rating_rank,within-race,-0.00018674053192579976,0.0003535620541931214,0.0028368794326240733,0.0023163023572417827,-2.0892556353535598e-05,0.00072084772910415
recent_finish_percentile_slope_6,within-race,0.0002237682128138685,0.00028582832586795313,0.002836879432624062,0.001603387702866496,0.0019270006326743694,0.00037212202843347954
jockey_trainer_history_top3_rate,within-race,0.00030185183318029993,0.00036075971043783583,0.002836879432624062,0.0009456264775413725,0.001289382406403683,0.0008877146262279746
recent_finish_percentile_weighted_3_rank_in_race,within-race,9.900547748091793e-05,0.00022373758239375665,0.002600472813238763,0.0029337289943240983,0.0010072485959010558,0.0008408803530330353
current_form_strength_pct_in_race,within-race,-4.356648494858728e-05,0.00017529093579735742,0.002600472813238763,0.0020336466352346484,0.00031794643496767526,0.0011116161365574404
recent_1_distance_m,within-race,0.00010777332610449886,5.737709217227168e-05,0.0026004728132387523,0.0013784756252589324,0.0005825222846499445,0.00045509205062077486
distance_win_rate_rank,within-race,-0.001041577887444478,0.0008563745171517183,0.002600472813238741,0.0013784756252589346,0.001213574316411159,0.001555602899386864
recent_2_barrier,within-race,0.00037710434632078906,0.00027128325985514455,0.002600472813238741,0.002736604468744746,0.0006942840453478593,0.0005540054498630083
jockey_trainer_history_smoothed_top3_rate_rank_in_race,within-race,-0.00021726126938068636,0.00012846013192684757,0.002600472813238719,0.0008845525737054247,0.00016006058559248082,0.0005267797364123768
recent_avg_margin,within-race,-0.00015975963963483776,9.761163441287751e-05,0.002600472813238719,0.0017372267679313343,0.00011491135604608793,0.0005560502075880683
recent_last600_best_3,within-race,0.00018145466565859801,0.0004159553621355713,0.0026004728132387077,0.0013784756252589211,0.0012215273562791284,0.0009115597096645425
sectional_last600_seconds_weighted_3,within-race,7.877440105192867e-05,0.00017718465844417152,0.002364066193853409,0.0016716472368476169,-7.30114382596403e-05,0.000623994381055233
jockey_recent_top3_excess,within-race,0.0005657017899639571,0.0002769300745736251,0.002364066193853398,0.0029903334847927805,0.000921046382039259,0.0012842011052530149
recent_5_place,within-race,0.00017867012009018524,7.789793294621333e-05,0.002364066193853398,0.000747583371198217,0.000285492679109689,0.0006594403742435266
current_weight_change_pct,within-race,-0.00024712846070695793,0.00022799126879639395,0.002364066193853398,0.0014951667423963903,-4.104773608323287e-05,0.0008866946144692541
jockey_history_starts,within-race,0.0008737450019323356,0.00040868935450495214,0.002364066193853387,0.0022427501135945985,0.0008464434173653945,0.0014342084712816753
weight_change_vs_recent_avg,within-race,4.784971453246634e-05,0.0003505824279465707,0.002364066193853387,0.0014951667423963814,0.0006565400714336645,0.0008239946653640459
recent_6_total_runners,within-race,-0.0003463073310173481,0.00010936995197527299,0.002364066193853387,0.001057242542553106,0.0001356097278082946,0.0003065315492669393
similar_distance_finish_percentile_weighted_gap_to_best,within-race,-9.855443858699519e-05,9.054629912072074e-05,0.002364066193853387,0.0021144850851061935,-0.00041378374711711354,0.0005531008862060527
recent_6_distance_m,within-race,0.00021195015851562803,9.096067817583604e-05,0.002364066193853387,0.0012948523818088848,-0.0008806146572103879,0.0008615311565551056
recent_last600_slope_6,within-race,-9.300036254200617e-05,0.00029808607624916923,0.002364066193853376,0.001977919684477723,-8.172547179639001e-05,0.0010541530856463487
recent_last600_avg_6,within-race,1.802906734194032e-06,0.00018210681469225902,0.002364066193853376,0.001977919684477723,-8.216894741717163e-05,0.0004878318437923195
recent_best_speed_rank,within-race,0.00044549249713770055,0.0003614745899988376,0.0023640661938533537,0.0026954501775392934,0.0007546826695762565,0.0012623017983078644
class_adjusted_finish_percentile_weighted_3_minus_race_median,within-race,0.00012233076872383286,0.00017465922336288314,0.002127659574468066,0.001158151178620885,0.0008837918057776339,0.0005063841772993489
recent_avg_similar_distance_speed_mps,within-race,-2.3761685005219135e-05,0.00016832597243138415,0.002127659574468055,0.001891252955082741,0.000744598191406698,0.0005459783294717194
similar_distance_finish_percentile_avg,within-race,0.0007897621619826322,0.0001578345932515909,0.002127659574468055,0.002524131974475514,4.0450093641575255e-05,0.0009468002420478332
recent_min_weight_kg,within-race,9.172284240441809e-05,8.675400626195156e-05,0.002127659574468055,0.0008845525737054306,2.464701046260842e-05,0.00018691678840291633
hidden_sectional_run_best_3_rank_in_race,within-race,4.85533570579566e-05,0.0003421049880266441,0.002127659574468055,0.0013784756252589324,-0.00023198891993220228,0.0005232376547207974
same_track_runs,within-race,-4.262273999344757e-06,5.5038971964435475e-05,0.002127659574468044,0.00047281323877066404,-0.00033386038705188745,0.000333573839726993
recent_finish_percentile_weighted_6_gap_to_best,within-race,0.0005500782820455407,0.0002221552901937875,0.002127659574468044,0.0011581511786208692,-0.0004679750247126857,0.0009467557145669713
recent_1_starting_price,within-race,0.0007602770572842088,0.0008481226933162169,0.0021276595744680327,0.003027481908951671,0.002572806101174885,0.0018440118083425264
jockey_trainer_history_smoothed_top3_rate_minus_race_median,within-race,0.0008946827797036816,0.00013032033339872173,0.0021276595744680327,0.0015681441089150682,0.0009293687662481953,0.0005075307497742862
field_size,race-block,0.00021464735774519018,6.666543059493754e-05,0.0021276595744680327,0.0008845525737054248,0.00011074885188357974,0.0003764729670645646
recent_4_margin,within-race,9.986279588436453e-05,0.00014865293142302967,0.0021276595744680327,0.0013784756252589096,-0.0003131823521894561,0.0006159643182707357
similar_distance_finish_percentile_weighted_zscore_in_race,within-race,-0.0002840614255612106,0.00014089269591091623,0.0021276595744680327,0.0008845525737054247,-0.0006215540435398848,0.0002653869896080766
recent_best_margin,within-race,-4.26261701541808e-05,0.0001589845875730155,0.0021276595744680214,0.0020336466352346523,-6.456834471022522e-05,0.0006861782225562225
recent_5_weight_kg,within-race,0.00018295591118533405,0.0003905961850172392,0.001891252955082723,0.003224156429547473,0.0016601614828565038,0.0007210747893564367
recent_finish_percentile_std_6,within-race,-0.00029440446004467267,0.0002919987830567314,0.001891252955082723,0.002316302357241803,0.0004669260343019288,0.001269787788283306
distance_minus_recent_weighted_avg,within-race,6.560817024847676e-05,0.00034691632124505634,0.0018912529550827117,0.001769105147410863,0.0005738915667993672,0.0004865667233269464
abs_distance_change_last_run,within-race,0.0002804793223122326,0.0001981066357802366,0.0018912529550827117,0.0012054419653883429,-0.0002212680936084954,0.0009745983965647222
distance_change_pct_last_run,within-race,6.81388813272621e-05,0.00010953680770517217,0.0018912529550827006,0.0005790755893104312,0.0017428250761584163,0.0003383629649785679
recent_similar_distance_speed_rank,within-race,-0.00038004514823195554,0.00034790151673214494,0.0018912529550827006,0.0016033877028664826,0.00135076113799516,0.0005097278324942427
recent_finish_percentile_avg_3,within-race,0.00034148078260893834,7.976709571029104e-05,0.0018912529550827006,0.0012054419653883713,0.0005361469368561523,0.0006844118163919983
soft_starts,within-race,2.7774929883817023e-05,0.00021897921431940427,0.0018912529550827006,0.0021923447979895214,1.694588574018274e-05,0.0005333770667201751
similar_distance_finish_percentile_weighted,within-race,0.00014451806138178204,8.661808941721806e-05,0.0018912529550827006,0.0009456264775413503,-0.00021459431033901132,0.0004210399458115676
recent_margin_avg_6,within-race,2.846704330403682e-05,0.00011847001982088091,0.0018912529550826895,0.0005790755893104448,0.0010359820111593087,0.0004005480001129679
hidden_sectional_run_best_3_minus_race_mean,within-race,6.707127406140323e-05,0.00010555109969904963,0.0018912529550826895,0.0019205764549966838,-0.0008812975834252779,0.000774565813405124
current_form_strength_minus_race_median,within-race,0.0004912729391079118,0.0001466607706513215,0.0016548463356973909,0.0005790755893104538,0.0018520453804141356,0.0009102610454471634
soft_wins,within-race,-4.479695099899317e-05,4.4408836216095404e-05,0.0016548463356973909,0.0012054419653883496,-8.107075482960413e-05,0.0002622017775701289
recent_margin_quality_weighted_3,within-race,-0.0005830958639526207,7.344501362948068e-05,0.0016548463356973798,0.0026536577211162685,0.0008347405155915589,0.0012143877043670288
recent_last600_weighted_6,within-race,-0.00010310595660489863,5.4626504209042914e-05,0.0016548463356973798,0.0005790755893104177,1.3076626551800085e-05,0.00026384829864703696
condition_top3_rate_smoothed,within-race,0.00127721662240865,0.0002770374238685906,0.0016548463356973685,0.0026536577211162555,0.0018007832724144413,0.00033105046556453267
recent_margin_weighted_3,within-race,-0.0003839719385199558,0.0001957218166878228,0.0016548463356973685,0.0009456264775413475,0.0006384349824066326,0.000763515604187343
sectional_last600_seconds_weighted_6,within-race,5.380554115401726e-05,5.970066876740328e-05,0.0016548463356973685,0.0012054419653883363,0.0002163669007640645,0.0006121868519412849
recent_weighted_avg_place_rank,within-race,-0.0001435931651669664,0.00011060744182967379,0.0016548463356973685,0.000579075589310472,-4.867144938069945e-05,0.0004655264469968162
class_adjusted_finish_percentile_weighted_6,within-race,0.00031038925275417295,5.244196030318074e-05,0.0016548463356973685,0.0014184397163120607,-0.001278813122784772,0.0005909392555127248
jockey_trainer_history_smoothed_top3_rate_pct_in_race,within-race,8.849168219220438e-05,0.00018602691809312846,0.0016548463356973575,0.002653657721116282,0.0013681308184854246,0.0003714721664449023
recent_top3_rate_5,within-race,-0.0002028937661739949,5.812213069538939e-05,0.0016548463356973575,0.0005790755893104357,-0.00022815967851429474,0.0001778368347267334
recent_6_margin,within-race,-0.00016151132340047614,0.00021758783237016933,0.0016548463356973575,0.0014184397163120367,-0.0004588378524548964,0.0008690133137117387
form_ceiling_minus_average,within-race,-6.7573791949882e-05,0.0003229053322224423,0.0016548463356973464,0.0019205764549966838,0.002361611989271517,0.0016506991469018028
heavy_wins,within-race,6.316555991905392e-05,4.2791973244110334e-05,0.0016548463356973464,0.0005790755893104448,0.0007871777552628578,0.00043580327256065597
recent_5_total_runners,within-race,-9.923510334688412e-05,0.00019314568128174313,0.0016548463356973464,0.0005790755893104448,0.00044666523389924606,0.0005574860745925788
jockey_trainer_history_top3,within-race,-0.0001547305944163746,0.00010879955120756883,0.0016548463356973464,0.0005790755893104448,0.00020360648020224527,0.0008878895626983324
track_starts,within-race,-0.00019867492855554225,0.00012562369678038456,0.0014184397163120367,0.0013784756252589324,9.902298909391094e-05,0.0006481981109955851
recent_margin_slope_3,within-race,1.810005963567285e-05,0.00029289492971439367,0.0014184397163120254,0.0015681441089151066,0.0007695122056823878,0.0015680763423772297
career_starts,within-race,0.0004967783914264778,0.0002492863894181307,0.0014184397163120143,0.0020336466352346583,0.0010817072341894884,0.0005037263545250493
class_adjusted_finish_percentile_weighted_3_pct_in_race,within-race,2.143056098129481e-05,0.00015247246179831884,0.0014184397163120143,0.000884552573705407,0.00046581406510481926,0.00045972118114410846
same_track_top3_rate,within-race,1.629644584049128e-05,6.613533270653565e-05,0.0014184397163120143,0.0017372267679313254,0.00033170270758920984,0.00033339360903723983
recent_2_starting_price,within-race,-8.880893414031643e-05,0.00013826904658652416,0.0014184397163120143,0.0015681441089150999,0.00016125390238864724,0.00044378687710353905
distance_minus_recent_avg,within-race,-0.0003157190606712712,0.00030495970658024336,0.0014184397163120033,0.0021667024562439232,0.0020730267893388056,0.0006821006613056168
recent_4_place,within-race,-0.00021168115384224696,4.529234624242001e-05,0.0014184397163120033,0.0017372267679313345,0.0006399950194276305,0.0014322857713460304
current_minus_recent_barrier_percentile,within-race,0.00020793964866892,0.00020127944563894394,0.0014184397163119922,0.0022920472139083942,0.00019763399196018883,0.0013442664218306806
recent_market_edge_weighted,within-race,0.002113389773770269,0.0005850271717162421,0.0014184397163119922,0.002033646635234655,-0.00044153115075104,0.0008926773123198603
recent_finish_percentile_last_minus_avg3,within-race,-0.0005835443532556716,0.00017805293241823713,0.0011820330969266935,0.001294852381808885,0.0008170434766179401,0.0008176090086038253
class_change_vs_recent_3,within-race,-3.132651073669557e-05,0.00013863222598629272,0.0011820330969266823,0.000747583371198217,0.0009536175670927683,0.00046829981409851043
recent_max_weight_kg,within-race,-1.2084766036490891e-05,0.0002164295635743126,0.0011820330969266823,0.0016716472368476403,0.0005273016975144706,0.0006200503321994702
historical_market_overperformance_weighted_3_pct_in_race,within-race,0.00026233319950750287,0.00012180306951111564,0.0011820330969266823,0.0016716472368476403,0.0004640080171995131,0.0006845891384320384
career_wins,within-race,-0.00017424377728623153,0.0002241602337341204,0.0011820330969266823,0.0010572425425530688,-0.0004694360013508869,0.0003636003058444967
track_wins,within-race,8.859029675412078e-05,9.148238634713963e-05,0.0011820330969266823,0.002114485085106175,-0.0006800101658258284,0.00033145248314261927
sectional_consistency_6,within-race,-0.00042672520426498826,0.0004228036298069697,0.0011820330969266823,0.0007475833711982346,-0.002506351673018403,0.0014238559428502871
recent_4_distance_m,within-race,0.00015161489093875601,9.42560531449257e-05,0.0011820330969266712,0.001294852381808895,0.0008578950600227175,0.0006031663485774818
best_run_recency_index,within-race,-7.779507905336657e-06,6.427381266437716e-05,0.0011820330969266712,0.0007475833711981819,0.000776483170100184,0.00016448124779654035
recent_margin_quality_weighted_3_rank_in_race,within-race,0.00024315608975773452,0.0002055021508731053,0.0011820330969266712,0.002364066193853437,3.0668044852411036e-05,0.0007548873945686565
historical_run_quality_slope_3,within-race,-0.0004762064976615799,6.51278611908562e-05,0.0011820330969266712,0.0014951667423963903,-0.00035892069580013565,0.0005482993387425429
sectional_ceiling_6,within-race,0.00023836159440890903,0.00039871164431369533,0.0011820330969266712,0.0016716472368476481,-0.0003616491205143957,0.0007554550595911297
recent_finish_percentile_weighted_3_gap_to_best,within-race,-2.9126925538802695e-05,0.00015160238944487484,0.0011820330969266601,0.0016716472368476403,0.00017432068850503635,0.0009364244352966213
recent_5_distance_m,within-race,-0.00012719951800819196,0.0001654163392582277,0.0011820330969266601,0.002364066193853409,0.00015490091731225065,0.0004339286358677391
recent_3_distance_m,within-race,-1.8423338330242344e-06,7.509954921016352e-05,0.0011820330969266601,0.0007475833711981995,0.00012725191803207857,0.00038668458278321165
similar_distance_finish_percentile_weighted_pct_in_race,within-race,-1.591622300931572e-05,0.00011571160153963842,0.0009456264775413615,0.002632512701101668,0.00010383758610709171,0.0003563737954717398
recent_avg_speed_mps,within-race,0.0004380669112266977,0.00025220948587198483,0.0009456264775413392,0.0015681441089150966,0.0010607425146431982,0.0005652203786254341
hidden_sectional_run_best_3_gap_to_best,within-race,-0.0002801178576557595,0.00012797954938920542,0.0009456264775413392,0.0022920472139084124,0.0004562596583872813,0.0007324875415007241
recent_finish_percentile_weighted_3_pct_in_race,within-race,0.0003357147388646231,0.000344250150062121,0.0009456264775413392,0.000884552573705401,0.000367393966684737,0.00033527316927602503
recent_last600_std_6,within-race,-0.00026890860764412495,0.00013937295800210158,0.0009456264775413392,0.0013784756252589324,9.09151263760899e-05,0.00032822386625368396
class_adjusted_finish_percentile_weighted_3_rank_in_race,within-race,0.0001763128218293275,0.00010455623685221085,0.0009456264775413392,0.000884552573705401,-8.02093887200317e-05,0.0009691377714089616
class_adjusted_finish_percentile_last1,within-race,3.328348384621371e-05,7.240525300114405e-05,0.0009456264775413392,0.0013784756252589612,-0.00143014786631811,0.00032839656060861265
same_track_distance_runs,within-race,0.00011746813765880492,4.64153390055829e-05,0.0009456264775413281,0.0004728132387706641,0.00011388795076738845,4.563785162813086e-05
recent_finish_percentile_weighted_6_zscore_in_race,within-race,0.00027133254742142123,0.0002667872674546129,0.0009456264775413281,0.000884552573705413,4.3568199596555335e-05,0.0010458921638363068
similar_distance_margin_quality_avg,within-race,5.590415545797534e-06,8.951021169473657e-05,0.000945626477541317,0.001568144108915085,0.00028657447097163447,0.0012120020779260918
recent_avg_starting_price,within-race,3.65456344858961e-05,0.00019299538860548317,0.000945626477541317,0.002632512701101679,-0.0006161923183200079,0.0008163631778043657
recent_weighted_win_rate_rank,within-race,1.7435700212509175e-06,9.856185793686582e-05,0.000945626477541317,0.002292047213908433,-0.0006881121242823252,0.0004514322174738137
distance_step_up_pct,within-race,1.2470085158367006e-05,4.205506217357515e-05,0.0007092198581560294,0.0005790755893104448,0.00036661788434839694,0.00026550638544480773
last3_win_percentage,within-race,-2.0036391892030992e-05,3.580631626624745e-05,0.0007092198581560294,0.0005790755893104448,5.9101654846327455e-05,4.825629910919694e-05
distance_wins,within-race,0.00010062903748833118,5.9675027396885806e-05,0.0007092198581560294,0.0005790755893104448,-0.0007168619402662002,0.000551250085113354
historical_run_quality_avg_3,within-race,9.464884171015431e-05,9.005788118919637e-05,0.0007092198581560294,0.0005790755893104448,-0.0008551194012187069,0.0007111616465710646
prize_money_rank,within-race,0.00011738890238590649,0.0006032529561473183,0.0007092198581560183,0.001920576454996681,-2.4493499670841247e-05,0.0012365252379827555
class_adjusted_finish_percentile_weighted_3,within-race,0.0007234390186482198,0.0002489652149591308,0.0007092198581560072,0.001769105147410851,0.0008110257223732153,0.0011612509991115062
recent_weighted_top3_rate_rank,within-race,-9.432434193548111e-05,7.046338740923748e-05,0.0007092198581560072,0.0016033877028664894,0.0005684675188221356,0.0006320683398608677
form_consistency_finish_percentile_6,within-race,-0.00011039115060662574,0.000285619304306915,0.0007092198581560072,0.002316302357241758,0.0003627827386692428,0.0008019890911359472
similar_distance_finish_percentile_weighted_minus_race_mean,within-race,0.0004351389612553769,0.0002477197165187323,0.0007092198581560072,0.0009456264775413475,0.00034693373345854315,0.0009598472713172624
historical_run_quality_last1,within-race,2.8186366325844148e-05,0.00033570220983518884,0.0007092198581560072,0.0009456264775413615,0.00033856739530496727,0.0009499522981047799
jockey_trainer_recent_top3_excess,within-race,-0.0006050090444072343,0.0004057710291995559,0.0007092198581560072,0.0014184397163120607,-0.0005968814479452966,0.001534063352547378
margin_quality_consistency_6,within-race,0.0006603102560045926,0.00037876451862681637,0.0007092198581559961,0.003707892941219394,0.0017818161612487948,0.0011826082270087754
best_margin_quality_at_stronger_class,within-race,0.0005567433466851845,0.00041912992620598297,0.0007092198581559961,0.003997998705741823,0.00167807369935028,0.0019806024930091736
jockey_trainer_history_smoothed_top3_rate_gap_to_best,within-race,3.397326711407356e-05,0.0001368644125767992,0.0007092198581559961,0.001769105147410826,0.0004086424476495099,0.0010548293745277577
similar_distance_runs,within-race,8.12317616134095e-05,3.698180148491249e-05,0.0007092198581559961,0.0005790755893104177,6.0039776351861195e-05,3.4009977592092624e-05
current_weight_minus_last,within-race,-3.0050429945327474e-05,4.1629494224183094e-05,0.0007092198581559961,0.0005790755893104177,3.5819184755347953e-05,0.00010393120242186679
good_wins,within-race,0.00014842331984248335,6.274363596671407e-05,0.0007092198581559961,0.0012054419653883756,-5.6372574103080717e-05,0.0006081966016145131
recent_last600_best_6,within-race,5.543738770461548e-05,1.643308638278177e-05,0.0007092198581559961,0.0005790755893104177,-0.00012619439924406174,0.00018336967507807725
class_adjusted_finish_percentile_weighted_3_minus_race_mean,within-race,0.00021630052878547358,0.0002773490528425744,0.0007092198581559961,0.0012054419653883758,-0.0002560336957500353,0.00029755360846051975
recent_avg_place,within-race,-0.00035923915559845645,0.0001801622793192607,0.0007092198581559961,0.0017691051474108554,-0.0003846809875178714,0.00037470594496842303
current_barrier_percentile,within-race,0.0005540779295950982,0.00042193331157188243,0.0007092198581559961,0.0021923447979895296,-0.00041313165426642984,0.0012367262963401426
recent_best_speed_mps,within-race,2.1509474313097242e-05,6.476683203234813e-05,0.0007092198581559961,0.0005790755893104177,-0.0006308552230538278,0.000428674352801085
recent_form_vs_career_form,within-race,-0.00034400027317078586,0.00010005454490016983,0.0007092198581559739,0.001205441965388367,0.0004883689990072936,0.0007489352206739181
recent_2_distance_m,within-race,0.00023377068161349878,0.00012265014310376668,0.0007092198581559739,0.0009456264775413724,-0.0008299646242908798,0.0004673519262871143
recent_3_barrier,within-race,-9.34988822836047e-06,0.0001590980776326245,0.0007092198581559739,0.001205441965388367,-0.0009888568221901983,0.00028157491636763497
historical_implied_probability_weighted_3,within-race,0.0006076798255350901,0.00031999592965527827,0.00047281323877068626,0.0027569512505178765,0.0006078574695595918,0.0007562521163483462
class_step_up,within-race,-7.100616074016131e-05,1.2305896486131554e-05,0.00047281323877068626,0.0005790755893104448,3.668907924226916e-05,5.168895768334281e-05
recent_same_track_runs,within-race,-1.5152308522492496e-05,7.910453008115552e-05,0.00047281323877068626,0.0005790755893104448,-0.0007382078126759395,0.0003193176541727206
distance_step_down_m,within-race,4.963441665317703e-06,9.831125568879557e-06,0.00047281323877067515,0.0005790755893104312,0.00017053343294477498,9.05561778331395e-05
recent_1_weight_kg,within-race,0.000266594624878258,0.00056407985701832,0.00047281323877066404,0.0005790755893104177,0.001672775608945798,0.0007521281807664174
horse_jockey_win_rate_rank,within-race,-1.4652920348989795e-05,0.00013019133272884533,0.00047281323877066404,0.0012054419653883648,0.00038817762222016495,0.0006592384132591297
recent_same_condition_runs,within-race,8.589930780491528e-05,9.795594084456337e-05,0.00047281323877066404,0.0005790755893104177,0.0003451349018725014,0.00011521277944411421
second_up_starts,within-race,2.4143076168248177e-05,4.698409156245225e-05,0.00047281323877066404,0.0005790755893104177,0.00021670606776988955,8.721805997312955e-05
recent_1_place,within-race,0.0001831837111214485,6.54204998228231e-05,0.00047281323877066404,0.0005790755893104177,-4.906375473754387e-05,0.0004787032719055117
current_form_strength_gap_to_best,within-race,-4.762485260776383e-05,0.0005930608327314237,0.00047281323877066404,0.0009456264775413559,-0.0001450001272696677,0.0009651645796742095
recent_4_starting_price,within-race,0.001136130044075423,0.0004884462608685306,0.00047281323877066404,0.0024339551160725685,-0.0005745843334496126,0.0012034634925856217
recent_finish_percentile_weighted_6_rank_in_race,within-race,0.0024190582980101903,0.0005431254052098253,0.000472813238770653,0.005048263948950979,0.0013898722763970527,0.0035390165745615137
hidden_sectional_run_best_3_zscore_in_race,within-race,0.00025000225024007783,0.00022990020550114069,0.000472813238770653,0.001769105147410829,0.0009353071409808677,0.0006049492848129208
recent_3_place,within-race,0.00014837958052624778,0.00010373532538961112,0.000472813238770653,0.0012054419653883583,0.00011421465322174474,0.0002751295471610964
recent_margin_std_6,within-race,0.00048011898215662987,9.514389033911176e-05,0.000472813238770653,0.002060945126969609,-0.00015553201723415012,0.0013336781402554872
recent_avg_margin_3,within-race,-0.00014418821125847803,0.00013940605272995423,0.000472813238770653,0.0012054419653883583,-0.0002590665179317608,0.0008206157262550924
recent_market_edge_rank,within-race,-3.565521081516643e-05,0.0001048929142263516,0.000472813238770653,0.001603387702866473,-0.0003367974289960274,0.0007622371766746437
recent_4_barrier,within-race,9.348246521123649e-05,7.50862397425741e-05,0.000472813238770653,0.001603387702866473,-0.0005383656270181003,0.00026973978347998826
recent_weighted_avg_margin_rank,within-race,0.0029049373309724125,0.001315969924947909,0.00047281323877064186,0.004067293270469351,0.002663881954662084,0.003422501986712125
jockey_trainer_history_smoothed_top3_rate,within-race,0.0014244379220731851,0.0004860377940715685,0.00047281323877064186,0.0012054419653883626,0.0002158184604992841,0.001179684307091875
historical_market_overperformance_weighted_3_zscore_in_race,within-race,-2.137703513387379e-05,4.7252561960852324e-05,0.00047281323877064186,0.000945626477541367,-6.081585868816797e-05,0.0003271912103235602
recent_3_weight_kg,within-race,0.0001295297107414939,0.0002070960372823026,0.00047281323877064186,0.0016033877028664928,-0.00039756998976858693,0.001291899385704119
trainer_recent_top3_excess,within-race,6.22015443158208e-05,0.00020441635416753462,0.00047281323877064186,0.001920576454996681,-0.0018080245207905076,0.0009977314813193628
jockey_trainer_history_runs,within-race,-5.6943380929652676e-05,0.0001422709647922618,0.00047281323877063075,0.0014184397163120588,0.0003116098506169007,0.0007151450280592862
margin_quality_average_6,within-race,3.871006896758455e-05,4.1686121263605664e-05,0.00023640661938534313,0.0004728132387706862,0.000350541893095091,0.00023524876817464439
distance_step_up_m,within-race,2.0287312251854318e-05,3.8261940662424484e-05,0.00023640661938534313,0.00047281323877068626,-4.3520309477751426e-05,0.0002820815696430676
similar_distance_margin_quality_weighted,within-race,-2.8035962023342798e-05,0.00026889369584530973,0.00023640661938534313,0.0004728132387706862,-5.019212466024214e-05,0.000545641187741192
second_best_run_recency_index,within-race,3.355683079666605e-05,0.00012459202159213759,0.00023640661938533202,0.00156814410891507,0.0005723223453719672,0.00043487128125670784
recent_finish_percentile_best_3,within-race,3.141766990608641e-05,3.361501367999942e-05,0.00023640661938533202,0.0004728132387706641,-0.00017073811400051265,0.0003928217319179824
current_class_level,race-block,0.0001186830712360365,0.00012618704109760036,0.00023640661938533202,0.00047281323877066404,-0.0004898188231521993,0.0006500382178056354
recent_2_weight_kg,within-race,0.00011069794461244786,0.00011030235253715214,0.00023640661938533202,0.0004728132387706641,-0.0017337252975551,0.0004301282400977682
jockey_trainer_history_smoothed_top3_rate_minus_race_mean,within-race,0.00011974553274833877,0.0001811408074192835,0.00023640661938532093,0.0015681441089150632,0.00025816513405163555,0.0007098036874465409
current_weight_minus_recent_avg,within-race,-5.683220635253061e-05,0.00011341491114795123,0.00023640661938532093,0.0008845525737054307,3.2177567638547176e-05,0.000616114401121479
recent_margin_avg_3,within-race,0.00034656614976524835,9.338411842417182e-05,0.00023640661938532093,0.0015681441089150632,2.4246176728459633e-05,0.000523535776772819
horse_jockey_wins,within-race,8.276880201416593e-05,6.206381022978282e-05,0.00023640661938532093,0.0013784756252589233,-0.00048744793425645747,0.0001834269615404579
recent_1_margin,within-race,-0.000982639171210198,0.0003178207152969453,0.00023640661938532093,0.0032067754057329852,-0.0020153008273576024,0.0014156431430670355
historical_market_overperformance_weighted_3_minus_race_median,within-race,-3.5321150111400356e-07,0.0001690305093623265,0.00023640661938530982,0.002033646635234651,-0.0009409050366497417,0.000945287983835787
abs_distance_minus_recent_weighted_avg,within-race,0.00011022949752792499,0.0002565515226662749,0.00023640661938528762,0.0017372267679313343,0.0005200348640064578,0.0011083869004252023
historical_market_overperformance_weighted_3_rank_in_race,within-race,-7.740406091110153e-05,8.572089714139804e-05,0.0,0.0,0.00019187996138352313,0.00016405182583420792
second_up_wins,within-race,4.557386971271171e-06,3.0120975535623968e-05,0.0,0.0,0.00014128109872791895,0.00013489763195810822
best_run_is_last_start,within-race,0.0,0.0,0.0,0.0,0.0,0.0
large_weight_drop_flag,within-race,0.0,0.0,0.0,0.0,0.0,0.0
recent_places,within-race,0.0,0.0,0.0,0.0,0.0,0.0
recent_runs_count,within-race,0.0,0.0,0.0,0.0,0.0,0.0
recent_win_rate_5,within-race,0.0,0.0,0.0,0.0,0.0,0.0
weight_drop_after_close_run_flag,within-race,0.0,0.0,0.0,0.0,0.0,0.0
recent_best_place,within-race,-1.8013269306615953e-06,1.562073490896688e-05,0.0,0.0,0.0,0.0
last3_place_percentage,within-race,-2.3551548364331155e-05,2.0664815335585574e-05,0.0,0.0,0.0,0.0
best_run_within_last_3,within-race,-3.2028855651855534e-05,8.056857331504038e-06,0.0,0.0,-7.880220646183655e-06,6.434173214565031e-06
condition_runs,within-race,-1.9291979044000485e-05,4.268335298146951e-05,0.0,0.0,-3.5273368606725254e-05,4.8152598956486665e-05
recent_wins,within-race,6.581843813644462e-05,1.7608566749033844e-05,0.0,0.0,-9.005966452773073e-05,9.651259821842106e-05
margin_quality_ceiling_6,within-race,2.2204460492503132e-17,6.884745995012573e-05,0.0,0.0,-0.00019137678712145557,0.000305199633270855
last3_place_percentage_rank,within-race,-7.109808202254708e-05,8.855568850079618e-05,0.0,0.0,-0.0002791934884133429,0.0003566737048296431
win_percentage,within-race,4.0148301514753014e-05,0.00011190470985199656,0.0,0.0,-0.0003330587195835566,0.0003904131033302744
recent_margin_quality_best_3,within-race,-6.730980282987353e-05,5.0397194680437216e-05,0.0,0.0,-0.0003339030289385203,0.00026374895695792106
recent_last600_weighted_3,within-race,2.2092419691710497e-05,0.00014761839200054538,0.0,0.0,-0.0003796866385519015,0.00023436899837040964
first_up_starts,within-race,-6.358977045262115e-06,0.00012583253688122138,-2.2204460492503132e-17,0.0007475833711981995,0.0007829391517334749,0.0002846737378135977
recent6_vs_career_place_rate,within-race,-2.3143178541573662e-06,8.223777907527867e-05,-2.2204460492503132e-17,0.0007475833711981995,0.00029758329403717365,0.0008721498907113983
class_step_down,within-race,-8.021949657786021e-05,8.948001655730656e-05,-2.2204460492503132e-17,0.001495166742396399,0.00010330423450989334,0.0005903210158981076
recent_finish_percentile_avg3_minus_avg6,within-race,-0.000267327227538261,0.0002698219623541319,-2.2204460492503132e-17,0.0016716472368476403,-0.00015018800479793537,0.0007241137326931807
recent_6_barrier,within-race,0.00036956384517909945,0.0003910423396999064,-2.2204460492503132e-17,0.004668656656768663,-0.001502737477914773,0.0008614578074285864
jockey_trainer_history_wins,within-race,-0.00017612253357530695,9.811166474510734e-05,-3.3306690738754695e-17,0.0007475833711981995,0.0003596009978988235,0.0003986906965532048
recent_2_place,within-race,-3.770335544353021e-05,0.00011860425277010284,-3.3306690738754695e-17,0.0007475833711981995,0.00012812181251899978,0.00034062578777214157
sectional_average_6,within-race,0.000300877939173394,0.0002634645674767722,-4.4408920985006264e-17,0.0018311977996252587,-0.0003989233776467871,0.0005326505501348365
historical_step_down_observations,within-race,0.00010930016023473766,6.900045463322133e-05,-5.551115123125783e-17,0.001495166742396399,0.0004562937718965987,0.0004956471421324082
recent_margin_last_minus_avg3,within-race,0.00040057943827371824,0.00023080327260858742,-5.551115123125783e-17,0.0026954501775393372,0.0004527295662047126,0.0009769209539990992
historical_run_quality_best_3,within-race,-0.0004480553582466573,0.00022586343184011383,-0.00023640661938534313,0.0017372267679313343,-0.0004441920044757075,0.0005887182949365128
place_percentage,within-race,0.00010532880676548118,0.00017743565190412073,-0.00023640661938535424,0.0022920472139084376,0.0014846625662228163,0.0007430195648502334
same_track_finish_percentile,within-race,5.899883653626148e-05,0.0002057821279848826,-0.00023640661938535424,0.002736604468744742,0.0012330806834352837,0.0014675075557615657
first_up_wins,within-race,1.3507143339941407e-05,8.369903592616425e-05,-0.00023640661938535424,0.0004728132387707085,-0.0001479614422877029,0.00014644038861755674
class_change_last_run,within-race,-0.0002866954876408867,0.00011315297551599972,-0.00023640661938536533,0.0020336466352346575,0.0007806109047243548,0.0007931062447991456
similar_distance_finish_percentile_weighted_rank_in_race,within-race,0.0016981651834831579,0.00034047966725747733,-0.00023640661938537644,0.003458330694640128,0.0023321005235898196,0.0017597927516640392
recent_5_starting_price,within-race,0.0005503743414005946,0.0004091034142981128,-0.00023640661938537644,0.004189135968479768,0.0016311768084817935,0.002042169557586281
similar_distance_top3_rate,within-race,0.00012076084512910868,0.0002515360574000067,-0.00023640661938537644,0.0020336466352346887,0.0013219011091351262,0.0004431018168321221
best_margin_quality_at_equal_or_higher_weight,within-race,-3.1741009030938906e-05,0.000310707616222439,-0.00023640661938537644,0.0004728132387706974,0.001095397903908546,0.0009457077153962209
historical_market_overperformance_weighted_3,within-race,0.0001261150644444653,6.921368395047756e-05,-0.00023640661938537644,0.0022920472139084584,0.000745226667212473,0.00043311678271630756
track_win_rate_rank,within-race,0.0005531737166430517,0.0004191959174939746,-0.00023640661938537644,0.003692789444873147,0.0006364098208069491,0.0013912370392070092
recent_finish_percentile_weighted_6_pct_in_race,within-race,0.0010430026008666049,0.0004095703189878548,-0.00023640661938537644,0.0008845525737054307,0.0003327359533033536,0.0008941755157634615
recent_margin_quality_weighted_3_pct_in_race,within-race,0.0004185855067073252,0.0002849301828176518,-0.00023640661938537644,0.0008845525737054307,5.809793043831668e-06,0.0012403001209679283
hidden_sectional_run_avg_3,within-race,0.00020475766306551346,0.00014148213384047745,-0.00023640661938538753,0.0008845525737054276,0.0004831666888404196,0.0005954131489152254
recent_margin_quality_last1,within-race,-6.207326151170811e-05,0.00010169222830771907,-0.00023640661938538753,0.0008845525737054276,0.00010015726327780027,7.077322826800188e-05
horse_jockey_starts,within-race,0.00010033145857435422,0.00015853195868330538,-0.00023640661938538753,0.002524131974475492,-0.00027435789847136683,0.00041242981871270507
sectional_closing_speed_ratio_weighted_6,within-race,-0.0003076020710189864,0.00017630218523210896,-0.00047281323877068626,0.0019205764549966632,0.00020527869818646183,0.00039028609533220567
form_ceiling_finish_percentile_6,within-race,2.4199248438860897e-05,0.0001461365260591774,-0.0004728132387707085,0.000579075589310472,0.0003292977051842616,0.00042709204042360013
best_run_within_last_2,within-race,7.73334423906924e-06,2.916944533584278e-05,-0.0004728132387707085,0.000579075589310472,-4.1934031295720595e-05,4.793846789227239e-05
recent_weighted_win_rate,within-race,8.106551523465733e-05,0.0001993472950144901,-0.0004728132387707085,0.0012054419653883583,-0.0002477159037442611,0.0005565703908420139
historical_step_up_observations,within-race,-2.1297452315272025e-05,5.877255689502219e-05,-0.0004728132387707085,0.000579075589310472,-0.0004750647303838673,0.0003269179680940883
recent_2_total_runners,within-race,-0.0003701063829976148,0.00012270536018537068,-0.0004728132387707085,0.000579075589310472,-0.0010269904773450799,0.0005869474915342314
recent_finish_percentile_weighted_6,within-race,-1.1124890208402682e-05,0.0001916437211867526,-0.0004728132387707085,0.0016033877028665058,-0.0011210637274467028,0.0006027402236180963
recent_finish_percentile_weighted,within-race,0.00045143269892047313,0.00021799331130299915,-0.00047281323877071955,0.002192344797989524,0.0012529977246289014,0.0006537416933265136
wet_rating,within-race,0.00047212429084619867,0.00023052175954978152,-0.00047281323877071955,0.0017691051474108333,0.00043031371045554323,0.0008847077509126554
recent_class_avg_3,within-race,-0.00011376971227854416,0.00010532286659010627,-0.00047281323877073066,0.0019205764549966727,0.0009041785637529997,0.0004143445729905803
historical_market_overperformance_slope_3,within-race,-0.0005813308845179054,0.0003131960774675561,-0.00047281323877073066,0.002433955116072572,0.0008744066545484652,0.0008480247478570872
distance_m,race-block,-5.9108621566328345e-05,0.00013218069851179826,-0.00047281323877073066,0.0009456264775413782,0.00038538031445831675,0.00020782612051594584
historical_run_quality_weighted_3,within-race,0.0006472800296808412,0.00021090871025162663,-0.00047281323877073066,0.0012054419653883715,2.623328864462815e-05,0.0005806989105617783
career_place_rate_rank,within-race,6.182707555879574e-06,9.212043856649514e-05,-0.00047281323877073066,0.0005790755893104538,-0.0002209276145446415,0.00017068449863916077
hidden_sectional_run_last1,within-race,7.969032825760891e-05,0.00020982915123753638,-0.00047281323877073066,0.000945626477541378,-0.0007752524596496557,0.0010652894753420768
distance_change_last_run,within-race,-4.935116973863174e-05,5.4844318281235425e-05,-0.00047281323877073066,0.0016033877028664991,-0.001036897171648954,0.0005503662014129677
current_form_strength_zscore_in_race,within-race,0.00039029836764827854,7.16978813736357e-05,-0.00047281323877074177,0.0014184397163120588,7.372782195473882e-05,0.00039375266698478016
recent_margin_quality_avg_3,within-race,2.7189091630686057e-05,9.719650769528208e-05,-0.0007092198581560405,0.0024339551160725828,0.0005097529211004259,0.0005801725092580236
recent_3_total_runners,within-race,-8.519058949474357e-06,0.0004267349639427946,-0.0007092198581560405,0.0019205764549966727,-0.00013863730175786015,0.00048554498525814826
speed_rating,within-race,-0.00029803997792610115,0.0003691541672402711,-0.0007092198581560405,0.0023163023572417814,-0.0007188752933433795,0.0016100563130474338
jockey_trainer_history_smoothed_win_rate,within-race,-0.00027833253685094483,0.00019655449921757214,-0.0007092198581560405,0.0024339551160725823,-0.0010863630721786976,0.000876075355243471
hidden_sectional_run_best_3,within-race,-0.0006948700143948105,0.00037863691047630027,-0.0007092198581560516,0.002856512050495169,-0.0009949821651949575,0.0009059846831831387
form_class_level_weighted_3,within-race,0.00016675327256945315,0.000265730201133879,-0.0007092198581560627,0.0028565120504951713,0.0013547720994529055,0.0007950725118254973
jockey_trainer_history_win_rate,within-race,-8.242949463004301e-05,0.00015394204943846305,-0.0007092198581560627,0.001603387702866473,0.00011498483129688264,0.0006624452550509447
distance_step_down_pct,within-race,2.0322396905303464e-05,0.00016676977118606454,-0.0007092198581560627,0.001603387702866473,-0.0001842641204343076,0.00044355425971582814
recent_avg_place_3,within-race,-2.536928747134404e-05,0.000114685874124721,-0.0007092198581560627,0.000579075589310472,-0.0003444952735732976,0.0003629129258642912
recent_best_class,within-race,-8.205736335431535e-05,8.131427938815206e-05,-0.0007092198581560627,0.000579075589310472,-0.00047254033069638046,0.0002536739945454559
historical_market_overperformance_weighted_6,within-race,-0.00022873762047697087,0.0004219813891792556,-0.0007092198581560738,0.0021923447979895166,-7.840990110495883e-05,0.001860508996295818
historical_step_down_finish_percentile,within-race,4.1691979493374556e-05,0.0003578360599896334,-0.0007092198581560849,0.0033930733083705304,0.0002386836961304595,0.0008803173472286927
recent_margin_quality_weighted_3_minus_race_median,within-race,-4.490196036299743e-06,0.00015623859199479585,-0.0007092198581560849,0.0038556752790307254,9.999063190551105e-05,0.000769478754586613
historical_market_overperformance_avg_6,within-race,-0.0010179639625560455,0.0004903586488363341,-0.000709219858156096,0.004992603329064505,-0.0005892373977480547,0.0014666113112271975
recent_barrier_percentile_avg_3,within-race,-2.8882848001399175e-05,0.00021567462788842377,-0.0009456264775413947,0.002292047213908401,0.0005598223683329851,0.0010120772299028167
recent_margin_best_3,within-race,-0.000365163683728964,0.00011194396326963135,-0.0009456264775413947,0.0017372267679313148,-1.1224656614627903e-06,0.0006063226578784243
recent_same_distance_runs,within-race,-1.7852721825684092e-05,5.3190305767912425e-05,-0.0009456264775413947,0.0008845525737054307,-1.8600390940815004e-05,0.00011522519002997916
recent_margin_quality_weighted_3_minus_race_mean,within-race,0.0006393590270113103,0.0001317215519383002,-0.0009456264775414058,0.0020336466352346766,0.0017190282793119517,0.0008279708171483229
condition_margin_quality,within-race,6.729318844442834e-05,0.0001858263021398532,-0.0009456264775414058,0.0030274819089516868,0.0013720414075023557,0.0003476287532147536
current_form_strength,within-race,0.00022784428537547807,6.694575983852087e-05,-0.0009456264775414058,0.00241088393077671,-0.00032799023933776094,0.0006901479846979624
recent_avg_place_5,within-race,-0.0008618800790803904,0.0002660806565931759,-0.0009456264775414058,0.002836879432624093,-0.0007339856098721453,0.0009778960749605367
recent_finish_percentile_weighted_3_zscore_in_race,within-race,-0.00010211853103898605,0.00012053399643791564,-0.000945626477541417,0.001158151178620876,0.0006828179700519744,0.0007825868441747681
career_seconds,within-race,-1.7611038578424497e-05,7.849307715583533e-05,-0.000945626477541417,0.0004728132387707085,0.00035553099382886757,0.0001953548793273215
last3_win_percentage_rank,within-race,-2.4595423389994763e-05,2.375293672994191e-05,-0.000945626477541417,0.0004728132387707085,0.0003536718075725198,0.00025085358532076055
weight_change_from_last_run,within-race,-3.2032935539327845e-05,5.001336355613318e-05,-0.000945626477541417,0.0004728132387707085,-0.0001355415007897376,0.0002540457862051017
good_starts,within-race,8.365467851960684e-05,0.00015431540443398291,-0.000945626477541417,0.002524131974475485,-0.00031865429028554715,0.00032445082147459
recent_last600_avg_3,within-race,-0.00010096862631148174,0.00010168154946224293,-0.000945626477541417,0.003206775405732983,-0.0008566249878306786,0.0013236793438130396
same_track_margin_quality,within-race,8.736145003802598e-05,0.0001473544650906157,-0.0011820330969267378,0.002114485085106175,0.0016300333498914688,0.0008655356067395489
form_class_level_weighted_6,within-race,0.0003001549934291914,0.0003623804385427367,-0.0011820330969267378,0.003343294473695245,0.0013237065010114457,0.0005863670757953034
best_finish_percentile_at_equal_or_higher_weight,within-race,2.886268066499831e-05,0.00014868795539831677,-0.0011820330969267378,0.0016716472368476169,0.000473117636238185,0.000603290045370071
current_weight_minus_recent_weighted_avg,within-race,-0.00017323075951609647,7.06198413810264e-05,-0.0011820330969267378,0.0012948523818089052,-0.00048790846663190337,0.00042307735530342893
historical_market_overperformance_weighted_3_minus_race_mean,within-race,-5.0055001275639555e-05,0.00010430608968111322,-0.0011820330969267378,0.001057242542553106,-0.0009416863672183307,0.0003180261573285309
class_drop_from_recent_best,within-race,-0.00013472856577836367,0.00021196019309435552,-0.001182033096926749,0.0010572425425530935,0.0011374723254155895,0.0009571106765481135
second_up_win_rate_rank,within-race,-4.5514689069259265e-05,0.00033024096452239797,-0.001182033096926749,0.001294852381808895,0.000715561690738975,0.0007648787289673128
best_finish_percentile_at_stronger_class,within-race,-0.00037827923731783566,0.0003356559044423451,-0.001182033096926749,0.003737916855990987,0.0005831704413264416,0.00147323518780459
recent_finish_percentile_weighted_6_minus_race_mean,within-race,0.00016306988794629885,9.958633226035052e-05,-0.001182033096926749,0.0007475833711981995,0.00024766407745127064,0.0001832117915679845
recent_margin_quality_weighted_6,within-race,0.00011381605985858468,0.00015817008690082438,-0.001182033096926749,0.0010572425425530935,0.00011381972374880922,0.000803432106220107
distance_starts,within-race,-9.109359453414178e-05,0.0001516575489024553,-0.001182033096926749,0.0007475833711981995,-0.001284126301856836,0.00031506468431107107
recent_finish_percentile_best_6,within-race,0.0002434506342311904,0.00017142177254069407,-0.00118203309692676,0.0012948523818089256,4.886760205904395e-05,0.0008962193433961931
recent_3_starting_price,within-race,-0.0002322217321594655,0.0002665664521598414,-0.00118203309692676,0.0014951667423963903,-0.0016968262890249108,0.0010117296384080814
recent_margin_quality_avg_6,within-race,-0.00020717054497212394,9.482222989371907e-05,-0.0011820330969267712,0.0,-9.641068151708954e-05,0.0004988649231088297
jockey_trainer_history_win_excess,within-race,-3.734405996906887e-05,0.00022361995213881212,-0.0011820330969267712,0.001977919684477696,-0.00016201620811553407,0.0005258162816632301
sectional_last600_std_6,within-race,-0.00040422338344807683,0.00019576177293082798,-0.001418439716312081,0.003206775405732974,-0.00035070918049642243,0.0007658520125091486
jockey_trainer_synergy,within-race,-0.000497019774709595,0.00019324601139445588,-0.001418439716312081,0.002033646635234651,-0.0018673078956767508,0.0013850172619631214
current_form_strength_minus_race_mean,within-race,0.0005188144330175559,0.00015847778930307464,-0.0014184397163120922,0.0008845525737054307,0.0014999874042427087,0.00038465808957763065
recent_weighted_avg_weight_kg,within-race,0.0005097188219612026,0.0003847675382010181,-0.0014184397163120922,0.002410883930776725,0.0008500154954055427,0.0008696522441825087
recent_margin_best_6,within-race,-0.00036472640137810155,0.0002545669993129817,-0.0014184397163120922,0.0013784756252589324,-8.654794115788844e-05,0.0007639570850354913
win_percentage_rank,within-race,0.0008294851135597803,0.0006974380930815178,-0.0014184397163121032,0.006137472806499843,0.0011419090497104434,0.0013366540090148375
recent_4_total_runners,within-race,0.00035736069228418097,0.0004898745975099124,-0.0014184397163121032,0.0037677015249430825,0.000642991103984003,0.0012643526352387115
form_barrier_percentile_weighted_6,within-race,-0.00012159638049411559,0.0003932464257973132,-0.0014184397163121032,0.0029337289943240892,-0.0004380181153230911,0.0013114262457473128
recent_finish_percentile_last1,within-race,-2.1587895435537518e-05,4.722135884308909e-05,-0.0014184397163121143,0.0004728132387706862,-5.7007610199077964e-05,0.0004312490030049283
weight_kg,within-race,0.00035438594323760063,0.0004070457049736118,-0.001654846335697413,0.0032241564295475028,0.001057819905337598,0.0008843110253006366
similar_distance_finish_percentile_weighted_minus_race_median,within-race,0.0009886490589912534,0.00044455795167080997,-0.001654846335697413,0.003045886223812102,-0.0002755164457292292,0.0009859767207725965
hidden_sectional_run_best_3_minus_race_median,within-race,9.917342017458086e-05,0.00011624116997652804,-0.001654846335697424,0.0009456264775413753,-0.001000625982895509,0.0006680689274828324
recent_finish_percentile_weighted_6_minus_race_median,within-race,0.00014261993143680485,0.0002223215949671998,-0.0016548463356974353,0.0023163023572417723,0.0014474650644863084,0.00085305626314108
recent_5_barrier,within-race,-6.378401472628692e-05,0.00024663759703392346,-0.0016548463356974353,0.0016033877028664779,0.0004258901067411558,0.0009027959032577101
recent_3_margin,within-race,-0.0006259157522283676,6.20242610024378e-05,-0.0016548463356974353,0.0019205764549966823,0.000306063125212086,0.000676501762188663
heavy_starts,within-race,-3.372808293271579e-05,7.29513571765914e-05,-0.0016548463356974353,0.0005790755893104176,-0.0004290029644639981,0.0005551226977874643
recent_5_margin,within-race,-5.609563805506479e-05,9.14153697289402e-05,-0.0016548463356974353,0.002433955116072558,-0.0007020107552022315,0.0003107699415701439
career_thirds,within-race,-0.00019977193089204537,6.406470984256333e-05,-0.0016548463356974353,0.002316302357241761,-0.0008457965727469263,0.0009288129566919388
historical_market_overperformance_weighted_3_gap_to_best,within-race,0.00010417450512574255,0.00014207916314375928,-0.0016548463356974464,0.0005790755893104312,-0.00043287287968140075,0.0004782492441355315
recent_6_weight_kg,within-race,-0.00025516629222346323,0.00017270333904279372,-0.0016548463356974464,0.0016033877028665074,-0.001043370866065929,0.0003273950197745063
recent_barrier_percentile_last1,within-race,0.00022077651632250727,0.0003468878474668605,-0.001891252955082756,0.002316302357241759,0.0005983332401771846,0.001302070683006392
wet_rating_rank,within-race,0.0013754160348073085,0.0008149594842353798,-0.0018912529550827672,0.003553970775029061,0.003145094989066599,0.0017419121625092781
recent_barrier_percentile_weighted_6,within-race,0.00021358229433252607,0.0003142701417542357,-0.0018912529550827672,0.001920576454996689,0.0009973963520062746,0.0018026797153519714
recent_4_weight_kg,within-race,-0.0003862681631433995,0.00010510900600724235,-0.0018912529550827672,0.0009456264775413558,0.0008515748763975428,0.000664407674423492
recent_1_total_runners,within-race,-0.00042534829637790316,0.00015844254202736918,-0.0018912529550827672,0.002433955116072601,-0.0007791309032443739,0.0015663163940830168
career_win_rate_rank,within-race,0.00021747557719631327,0.0003089318564825559,-0.0018912529550827895,0.0009456264775413531,0.0017416730891907984,0.0016913891630095258
class_adjusted_margin_quality_weighted_6,within-race,-0.00048543736897983526,0.00022492126164674547,-0.0018912529550827895,0.0017691051474108392,-0.0001522741770968783,0.0008679710520718921
recent_finish_percentile_avg_6,within-race,-0.0005575502475211102,0.0003005838045830804,-0.0018912529550827895,0.0024339551160725893,-0.00048755617904553403,0.0014487351308508025
recent_weight_range_kg,within-race,0.0004323805394950142,0.0002901393392688155,-0.0018912529550827895,0.0021923447979895227,-0.0013235556143357697,0.00063472394291837
recent_margin_slope_6,within-race,0.0002591238829751097,0.0003022711680537614,-0.0021276595744681103,0.001891252955082741,0.00016899570091056805,0.0011846194395607765
recent_6_place,within-race,-0.0003083809168044738,0.00023840776798822927,-0.0021276595744681216,0.001378475625258944,-0.00034295163727785514,0.0005181473694146481
recent_last600_slope_3,within-race,-4.2129896792042484e-05,0.00015041948460315323,-0.0021276595744681216,0.001737226767931339,-0.00036189053919556403,0.0007270604316693693
recent_finish_percentile_slope_3,within-race,0.00017494867220939624,0.0002025401957011808,-0.0021276595744681216,0.000884552573705404,-0.0006909468256986017,0.0007076528931901797
recent_margin_quality_slope_3,within-race,-0.00010259854957455073,0.00020645979170930533,-0.0021276595744681216,0.0017372267679313087,-0.0008516463835613108,0.0013797961269190566
jockey_trainer_history_starts,within-race,-7.716950358394037e-06,0.00019330705777553418,-0.0021276595744681216,0.0015681441089150986,-0.0009351024599252189,0.0006450401580792055
prize_money,within-race,2.778566446770547e-06,0.00023407665693260372,-0.0023640661938534426,0.0012948523818089052,-6.192782788532192e-05,0.0005465812726552356
historical_implied_probability_weighted_6,within-race,0.0005176308266082952,0.00039890099351399573,-0.0023640661938534534,0.006164730406811003,0.0003205128205127861,0.0017757675531182634
recent_weighted_avg_place,within-race,-0.0009010399503296185,0.0004993834548598256,-0.0023640661938534534,0.0014951667423964165,-0.00042662420321996073,0.0008074871400026893
recent_avg_weight_kg,within-race,-4.370447991761672e-05,0.0002668172689044906,-0.0023640661938534647,0.003082365203405491,-0.00026299547576146275,0.0005460970026148057
recent_margin_weighted_6,within-race,7.872807153563866e-05,0.00016097325616472964,-0.0026004728132387966,0.0020336466352346766,0.0006617253248458854,0.0008128233679469867
first_up_win_rate_rank,within-race,0.0007229410408714054,0.0004495539611939421,-0.002600472813238808,0.0029337289943240723,6.362169482698743e-06,0.0007689416633155739
recent_class_weighted_6,within-race,-0.0001339009229628596,0.00021308754925588265,-0.002600472813238808,0.0008845525737054159,-0.00031380164358890683,0.000846011944457926
recent3_vs_career_place_rate,within-race,-0.002114806022577231,0.0010547235501666356,-0.002600472813238808,0.002632512701101666,-0.002787525713057648,0.0023429637132959973
recent_finish_percentile_weighted_3,within-race,-0.00013851825880006885,0.00043040800744347267,-0.002836879432624151,0.002756951250517866,-0.00036656737011350196,0.0010441665513310741
sectional_last600_trend,within-race,0.0001553162857734547,0.0006055431867747939,-0.002836879432624151,0.002546177213775177,-0.0014077969574423754,0.0014401985021853326
class_adjusted_finish_percentile_weighted_3_zscore_in_race,within-race,0.00018195611359932417,9.159881628591724e-05,-0.002836879432624162,0.0014184397163120531,0.00024127894695268325,0.0006157701668120053
active_field_size,race-block,0.0033905401538685044,0.0005242275018686299,-0.003073286052009472,0.0020609451269695722,-0.0004760409015728051,0.0009006240729612192
recent_weighted_avg_margin,within-race,0.0004078612076608312,0.00014410665993942127,-0.003073286052009483,0.0009456264775413837,0.00014588576645313545,0.0013782092982895008
recent_barrier_percentile_std_6,within-race,0.0003407020317313547,0.000541883790869333,-0.003073286052009494,0.004992603329064509,0.003108152682620757,0.001884616182607915
weight_change_vs_recent_weighted_avg,within-race,-0.0006038747894064889,0.00035108816482076603,-0.003073286052009494,0.001920576454996685,-0.0004074091130828794,0.001232871542703885
recent_finish_percentile_weighted_3_minus_race_median,within-race,0.00020035856915734396,0.00031364862631092194,-0.003309692671394815,0.002736604468744744,-0.00037956986538547623,0.0008446697184766371
recent_finish_percentile_weighted_3_minus_race_mean,within-race,0.0008499422300407789,0.0003795593719701363,-0.0033096926713948372,0.001378475625258944,0.002118175362856223,0.0008762132887757873
trainer_history_starts,within-race,0.0026472412921811237,0.0005944436324333176,-0.003309692671394848,0.0033765619047484083,0.000670171698540456,0.002501792949564898
historical_market_overperformance_avg_3,within-race,-0.0002847460666961954,0.0003057215662535424,-0.0035460992907801582,0.002479453541773422,0.00047965824561567726,0.001022280090065619
hidden_sectional_run_best_3_pct_in_race,within-race,0.00018852525384949192,0.00012737717291456667,-0.003546099290780169,0.0012948523818089154,-0.00010410655800726642,0.0003590245767115222
recent_1_barrier,within-race,0.00046307640075773373,0.0005691196086739527,-0.003546099290780191,0.0030823652034054952,0.0009474889439428424,0.0015375946509243433
draw_number,within-race,0.0002950430364189849,0.0006474324265541443,-0.003546099290780191,0.0032586403669244155,-0.00034913011863367814,0.00212030056140845
recent_days_since_last_run,within-race,0.0011208342069560563,0.0014624709991170452,-0.003546099290780191,0.00544248909372166,-0.001266666089361146,0.0018659206455761256
jockey_history_top3_excess,within-race,0.0016532617605440336,0.00036848115672416943,-0.0037825059101655014,0.002033646635234665,0.0024779449602143734,0.0014186602005413363
recent_weighted_top3_rate,within-race,-0.0007581192358052213,0.00019520585807644096,-0.003782505910165512,0.0011581511786209076,-0.002105548772215482,0.001150332991686018
historical_market_overperformance_last1,within-race,-0.00030666737225915064,0.000687619060243431,-0.0037825059101655235,0.0008845525737054455,-0.00025377695590464986,0.0014849652036469584
recent_margin_quality_weighted_3_gap_to_best,within-race,0.00037564533363458884,0.00020604788576227028,-0.004255319148936209,0.001603387702866473,0.0014449222959861062,0.0008117824530233763
class_adjusted_margin_quality_weighted_3,within-race,-0.0005337573712184352,0.00017069015727345078,-0.004255319148936209,0.0021923447979895505,-0.0003136369803036443,0.0011576447121900092
historical_step_up_finish_percentile,within-race,0.0002491771016264632,0.00035338830531183213,-0.004728132387706863,0.004228970170212362,-0.001827159575386561,0.0012181171132240557
historical_run_quality_weighted_6,within-race,-0.0006429341625340479,0.0001777306070664447,-0.004728132387706874,0.002114485085106156,0.0006417144715017087,0.0005010619900873096
historical_market_overperformance_best_3,within-race,0.0001022929003724249,9.825198510705248e-05,-0.004964539007092239,0.0015681441089150966,0.0010788023376675949,0.0013195920142364723
recent_6_starting_price,within-race,9.731957490266563e-05,0.0002874219745364414,-0.005673758865248246,0.0021667024562439002,-0.0005198813532147018,0.0007758061726676638
jockey_trainer_history_top3_excess,within-race,-0.0004930065090249958,8.18470003111772e-05,-0.006146572104018966,0.0013784756252589307,-0.001403745978214055,0.0006279758496553961
trainer_history_top3_excess,within-race,0.00046346481949433027,0.0007506158496083369,-0.006382978723404253,0.002952717729739166,0.0009242537079416247,0.0013829634480597528
