feature,direction,total_top3_hits,possible_top3_hits,top3_capture_rate,races_with_3_of_3,races_with_2plus_of_3,races_tested,winner_hits,winner_races_tested,winner_hit_rate,winner_rank_total,mean_winner_rank,winner_top3_hits,winner_top3_rate
class_drop_from_recent_best,ASC,29,66,0.4393939393939394,0,11,22,3,22,0.13636363636363635,124,5.636363636363637,8,0.36363636363636365
hidden_sectional_run_last1,ASC,28,66,0.42424242424242425,1,8,22,1,22,0.045454545454545456,128,5.818181818181818,7,0.3181818181818182
weight_drop_after_close_run_flag,DESC,19,45,0.4222222222222222,0,6,15,1,15,0.06666666666666667,95,6.333333333333333,6,0.4
recent_best_class,ASC,34,81,0.41975308641975306,0,12,27,4,27,0.14814814814814814,152,5.62962962962963,10,0.37037037037037035
same_track_distance_margin_quality,DESC,31,75,0.41333333333333333,0,11,25,4,25,0.16,136,5.44,12,0.48
recent_margin_quality_last1,DESC,32,81,0.3950617283950617,1,10,27,1,27,0.037037037037037035,174,6.444444444444445,6,0.2222222222222222
recent_3_margin,ASC,32,81,0.3950617283950617,1,9,27,1,27,0.037037037037037035,168,6.222222222222222,10,0.37037037037037035
recent_margin_quality_weighted_3,DESC,32,81,0.3950617283950617,1,9,27,0,27,0.0,183,6.777777777777778,6,0.2222222222222222
recent_margin_quality_weighted_3_gap_to_best,ASC,32,81,0.3950617283950617,1,9,27,0,27,0.0,183,6.777777777777778,6,0.2222222222222222
recent_margin_quality_weighted_3_minus_race_mean,DESC,32,81,0.3950617283950617,1,9,27,0,27,0.0,183,6.777777777777778,6,0.2222222222222222
recent_margin_quality_weighted_3_minus_race_median,DESC,32,81,0.3950617283950617,1,9,27,0,27,0.0,183,6.777777777777778,6,0.2222222222222222
recent_margin_quality_weighted_3_pct_in_race,DESC,32,81,0.3950617283950617,1,9,27,0,27,0.0,183,6.777777777777778,6,0.2222222222222222
recent_margin_quality_weighted_3_rank_in_race,ASC,32,81,0.3950617283950617,1,9,27,0,27,0.0,183,6.777777777777778,6,0.2222222222222222
recent_margin_quality_weighted_3_zscore_in_race,DESC,32,81,0.3950617283950617,1,9,27,0,27,0.0,183,6.777777777777778,6,0.2222222222222222
form_class_level_weighted_6,ASC,32,81,0.3950617283950617,0,9,27,5,27,0.18518518518518517,165,6.111111111111111,10,0.37037037037037035
recent_1_margin,ASC,32,81,0.3950617283950617,0,9,27,2,27,0.07407407407407407,169,6.2592592592592595,8,0.2962962962962963
recent_class_weighted_6,ASC,32,81,0.3950617283950617,0,9,27,5,27,0.18518518518518517,165,6.111111111111111,10,0.37037037037037035
same_track_distance_finish_percentile,DESC,29,75,0.38666666666666666,0,10,25,4,25,0.16,136,5.44,11,0.44
historical_implied_probability_weighted_3,DESC,31,81,0.38271604938271603,0,9,27,3,27,0.1111111111111111,180,6.666666666666667,6,0.2222222222222222
similar_distance_finish_percentile_avg,DESC,31,81,0.38271604938271603,0,9,27,3,27,0.1111111111111111,183,6.777777777777778,7,0.25925925925925924
similar_distance_margin_quality_weighted,DESC,31,81,0.38271604938271603,0,8,27,3,27,0.1111111111111111,169,6.2592592592592595,8,0.2962962962962963
recent_avg_margin_3,ASC,31,81,0.38271604938271603,0,7,27,0,27,0.0,176,6.518518518518518,7,0.25925925925925924
recent_finish_percentile_weighted_6,DESC,31,81,0.38271604938271603,0,7,27,1,27,0.037037037037037035,186,6.888888888888889,8,0.2962962962962963
recent_finish_percentile_weighted_6_gap_to_best,ASC,31,81,0.38271604938271603,0,7,27,1,27,0.037037037037037035,186,6.888888888888889,8,0.2962962962962963
recent_finish_percentile_weighted_6_minus_race_mean,DESC,31,81,0.38271604938271603,0,7,27,1,27,0.037037037037037035,186,6.888888888888889,8,0.2962962962962963
recent_finish_percentile_weighted_6_minus_race_median,DESC,31,81,0.38271604938271603,0,7,27,1,27,0.037037037037037035,186,6.888888888888889,8,0.2962962962962963
recent_finish_percentile_weighted_6_pct_in_race,DESC,31,81,0.38271604938271603,0,7,27,1,27,0.037037037037037035,186,6.888888888888889,8,0.2962962962962963
recent_finish_percentile_weighted_6_rank_in_race,ASC,31,81,0.38271604938271603,0,7,27,1,27,0.037037037037037035,186,6.888888888888889,8,0.2962962962962963
recent_finish_percentile_weighted_6_zscore_in_race,DESC,31,81,0.38271604938271603,0,7,27,1,27,0.037037037037037035,186,6.888888888888889,8,0.2962962962962963
recent_margin_quality_avg_3,DESC,31,81,0.38271604938271603,0,7,27,2,27,0.07407407407407407,181,6.703703703703703,6,0.2222222222222222
recent_last600_std_6,DESC,25,66,0.3787878787878788,0,8,22,2,22,0.09090909090909091,155,7.045454545454546,7,0.3181818181818182
sectional_last600_std_6,DESC,25,66,0.3787878787878788,0,8,22,2,22,0.09090909090909091,155,7.045454545454546,7,0.3181818181818182
sectional_ceiling_6,DESC,25,66,0.3787878787878788,0,7,22,3,22,0.13636363636363635,110,5.0,10,0.45454545454545453
large_weight_drop_flag,DESC,18,48,0.375,1,4,16,2,16,0.125,96,6.0,7,0.4375
jockey_trainer_history_win_rate,DESC,28,75,0.37333333333333335,1,7,25,3,25,0.12,147,5.88,9,0.36
recent_barrier_percentile_last1,DESC,28,75,0.37333333333333335,0,6,25,2,25,0.08,173,6.92,7,0.28
recent_1_starting_price,ASC,30,81,0.37037037037037035,1,6,27,1,27,0.037037037037037035,194,7.185185185185185,5,0.18518518518518517
career_starts,ASC,30,81,0.37037037037037035,0,8,27,3,27,0.1111111111111111,169,6.2592592592592595,10,0.37037037037037035
recent_avg_starting_price,ASC,30,81,0.37037037037037035,0,8,27,3,27,0.1111111111111111,181,6.703703703703703,6,0.2222222222222222
recent_margin_avg_3,ASC,30,81,0.37037037037037035,0,8,27,1,27,0.037037037037037035,181,6.703703703703703,6,0.2222222222222222
similar_distance_margin_quality_avg,DESC,30,81,0.37037037037037035,0,7,27,3,27,0.1111111111111111,185,6.851851851851852,5,0.18518518518518517
class_adjusted_finish_percentile_last1,DESC,24,66,0.36363636363636365,1,8,22,2,22,0.09090909090909091,140,6.363636363636363,5,0.22727272727272727
recent_last600_best_3,ASC,24,66,0.36363636363636365,1,6,22,2,22,0.09090909090909091,127,5.7727272727272725,9,0.4090909090909091
sectional_consistency_6,ASC,24,66,0.36363636363636365,0,7,22,6,22,0.2727272727272727,114,5.181818181818182,12,0.5454545454545454
form_barrier_percentile_weighted_6,DESC,27,75,0.36,1,6,25,5,25,0.2,154,6.16,11,0.44
heavyGroundPro,DESC,14,39,0.358974358974359,0,3,13,1,13,0.07692307692307693,88,6.769230769230769,4,0.3076923076923077
historical_market_overperformance_weighted_3,DESC,29,81,0.35802469135802467,2,7,27,4,27,0.14814814814814814,158,5.851851851851852,8,0.2962962962962963
historical_market_overperformance_weighted_3_gap_to_best,ASC,29,81,0.35802469135802467,2,7,27,4,27,0.14814814814814814,158,5.851851851851852,8,0.2962962962962963
historical_market_overperformance_weighted_3_minus_race_mean,DESC,29,81,0.35802469135802467,2,7,27,4,27,0.14814814814814814,158,5.851851851851852,8,0.2962962962962963
historical_market_overperformance_weighted_3_minus_race_median,DESC,29,81,0.35802469135802467,2,7,27,4,27,0.14814814814814814,158,5.851851851851852,8,0.2962962962962963
historical_market_overperformance_weighted_3_pct_in_race,DESC,29,81,0.35802469135802467,2,7,27,4,27,0.14814814814814814,158,5.851851851851852,8,0.2962962962962963
historical_market_overperformance_weighted_3_rank_in_race,ASC,29,81,0.35802469135802467,2,7,27,4,27,0.14814814814814814,158,5.851851851851852,8,0.2962962962962963
historical_market_overperformance_weighted_3_zscore_in_race,DESC,29,81,0.35802469135802467,2,7,27,4,27,0.14814814814814814,158,5.851851851851852,8,0.2962962962962963
historical_market_overperformance_last1,DESC,29,81,0.35802469135802467,2,6,27,4,27,0.14814814814814814,165,6.111111111111111,9,0.3333333333333333
recent_finish_percentile_last1,DESC,29,81,0.35802469135802467,1,7,27,1,27,0.037037037037037035,175,6.481481481481482,7,0.25925925925925924
same_track_finish_percentile,DESC,29,81,0.35802469135802467,1,7,27,0,27,0.0,173,6.407407407407407,9,0.3333333333333333
recent_1_place,ASC,29,81,0.35802469135802467,1,6,27,1,27,0.037037037037037035,177,6.555555555555555,7,0.25925925925925924
jockey_rank_minus_market_rank,DESC,29,81,0.35802469135802467,0,9,27,0,27,0.0,205,7.592592592592593,5,0.18518518518518517
form_class_level_weighted_3,ASC,29,81,0.35802469135802467,0,8,27,6,27,0.2222222222222222,168,6.222222222222222,10,0.37037037037037035
margin_market_rank_abs_gap,ASC,29,81,0.35802469135802467,0,8,27,6,27,0.2222222222222222,152,5.62962962962963,9,0.3333333333333333
recent_avg_place,ASC,29,81,0.35802469135802467,0,8,27,3,27,0.1111111111111111,190,7.037037037037037,6,0.2222222222222222
recent_class_avg_3,ASC,29,81,0.35802469135802467,0,8,27,6,27,0.2222222222222222,167,6.185185185185185,10,0.37037037037037035
recent_margin_quality_weighted_6,DESC,29,81,0.35802469135802467,0,7,27,0,27,0.0,185,6.851851851851852,4,0.14814814814814814
current_form_strength,DESC,29,81,0.35802469135802467,0,6,27,2,27,0.07407407407407407,178,6.592592592592593,7,0.25925925925925924
current_form_strength_gap_to_best,ASC,29,81,0.35802469135802467,0,6,27,2,27,0.07407407407407407,178,6.592592592592593,7,0.25925925925925924
current_form_strength_minus_race_mean,DESC,29,81,0.35802469135802467,0,6,27,2,27,0.07407407407407407,178,6.592592592592593,7,0.25925925925925924
current_form_strength_minus_race_median,DESC,29,81,0.35802469135802467,0,6,27,2,27,0.07407407407407407,178,6.592592592592593,7,0.25925925925925924
current_form_strength_pct_in_race,DESC,29,81,0.35802469135802467,0,6,27,2,27,0.07407407407407407,178,6.592592592592593,7,0.25925925925925924
current_form_strength_rank_in_race,ASC,29,81,0.35802469135802467,0,6,27,2,27,0.07407407407407407,178,6.592592592592593,7,0.25925925925925924
current_form_strength_zscore_in_race,DESC,29,81,0.35802469135802467,0,6,27,2,27,0.07407407407407407,178,6.592592592592593,7,0.25925925925925924
historical_run_quality_weighted_3,DESC,29,81,0.35802469135802467,0,6,27,1,27,0.037037037037037035,187,6.925925925925926,6,0.2222222222222222
open_price,ASC,29,81,0.35802469135802467,0,6,27,0,27,0.0,192,7.111111111111111,2,0.07407407407407407
open_price_rank,ASC,29,81,0.35802469135802467,0,6,27,0,27,0.0,192,7.111111111111111,2,0.07407407407407407
recent_margin_weighted_6,ASC,29,81,0.35802469135802467,0,6,27,0,27,0.0,182,6.7407407407407405,5,0.18518518518518517
same_track_distance_top3_rate,DESC,23,66,0.3484848484848485,1,4,22,4,22,0.18181818181818182,119,5.409090909090909,9,0.4090909090909091
hidden_sectional_run_avg_3,ASC,23,66,0.3484848484848485,0,7,22,0,22,0.0,152,6.909090909090909,7,0.3181818181818182
class_adjusted_margin_quality_weighted_3,DESC,23,66,0.3484848484848485,0,6,22,2,22,0.09090909090909091,141,6.409090909090909,4,0.18181818181818182
best_run_is_last_start,DESC,26,75,0.3466666666666667,0,6,25,1,25,0.04,156,6.24,6,0.24
same_track_top3_rate,DESC,27,78,0.34615384615384615,0,6,26,1,26,0.038461538461538464,157,6.038461538461538,9,0.34615384615384615
historical_run_quality_last1,DESC,28,81,0.345679012345679,1,8,27,2,27,0.07407407407407407,173,6.407407407407407,6,0.2222222222222222
recent_weight_range_kg,ASC,28,81,0.345679012345679,1,8,27,3,27,0.1111111111111111,160,5.925925925925926,11,0.4074074074074074
good_starts,ASC,28,81,0.345679012345679,1,6,27,0,27,0.0,160,5.925925925925926,9,0.3333333333333333
recent_finish_percentile_rank,ASC,28,81,0.345679012345679,0,10,27,1,27,0.037037037037037035,191,7.074074074074074,7,0.25925925925925924
recent_finish_percentile_weighted,DESC,28,81,0.345679012345679,0,10,27,1,27,0.037037037037037035,191,7.074074074074074,7,0.25925925925925924
jockey_trainer_history_smoothed_win_rate,DESC,28,81,0.345679012345679,0,9,27,0,27,0.0,162,6.0,7,0.25925925925925924
jockey_trainer_history_win_excess,DESC,28,81,0.345679012345679,0,9,27,0,27,0.0,162,6.0,7,0.25925925925925924
trainer_history_top3_excess,DESC,28,81,0.345679012345679,0,8,27,2,27,0.07407407407407407,184,6.814814814814815,5,0.18518518518518517
career_wins,ASC,28,81,0.345679012345679,0,7,27,4,27,0.14814814814814814,145,5.37037037037037,13,0.48148148148148145
historical_implied_probability_weighted_6,DESC,28,81,0.345679012345679,0,7,27,2,27,0.07407407407407407,190,7.037037037037037,5,0.18518518518518517
market_total_abs_movement,ASC,28,81,0.345679012345679,0,7,27,0,27,0.0,195,7.222222222222222,2,0.07407407407407407
recent_finish_percentile_avg_3,DESC,28,81,0.345679012345679,0,7,27,1,27,0.037037037037037035,186,6.888888888888889,7,0.25925925925925924
recent_finish_percentile_weighted_3,DESC,28,81,0.345679012345679,0,6,27,1,27,0.037037037037037035,185,6.851851851851852,7,0.25925925925925924
recent_finish_percentile_weighted_3_gap_to_best,ASC,28,81,0.345679012345679,0,6,27,1,27,0.037037037037037035,185,6.851851851851852,7,0.25925925925925924
recent_finish_percentile_weighted_3_minus_race_mean,DESC,28,81,0.345679012345679,0,6,27,1,27,0.037037037037037035,185,6.851851851851852,7,0.25925925925925924
recent_finish_percentile_weighted_3_minus_race_median,DESC,28,81,0.345679012345679,0,6,27,1,27,0.037037037037037035,185,6.851851851851852,7,0.25925925925925924
recent_finish_percentile_weighted_3_pct_in_race,DESC,28,81,0.345679012345679,0,6,27,1,27,0.037037037037037035,185,6.851851851851852,7,0.25925925925925924
recent_finish_percentile_weighted_3_rank_in_race,ASC,28,81,0.345679012345679,0,6,27,1,27,0.037037037037037035,185,6.851851851851852,7,0.25925925925925924
recent_finish_percentile_weighted_3_zscore_in_race,DESC,28,81,0.345679012345679,0,6,27,1,27,0.037037037037037035,185,6.851851851851852,7,0.25925925925925924
recent_margin_weighted_3,ASC,28,81,0.345679012345679,0,6,27,0,27,0.0,187,6.925925925925926,5,0.18518518518518517
recent_market_edge_rank,ASC,28,81,0.345679012345679,0,6,27,1,27,0.037037037037037035,188,6.962962962962963,6,0.2222222222222222
recent_market_edge_weighted,DESC,28,81,0.345679012345679,0,6,27,1,27,0.037037037037037035,188,6.962962962962963,6,0.2222222222222222
form_average_finish_percentile_6,DESC,28,81,0.345679012345679,0,5,27,1,27,0.037037037037037035,203,7.518518518518518,4,0.14814814814814814
recent_finish_percentile_avg_6,DESC,28,81,0.345679012345679,0,5,27,1,27,0.037037037037037035,203,7.518518518518518,4,0.14814814814814814
historical_market_overperformance_weighted_6,DESC,27,81,0.3333333333333333,1,6,27,3,27,0.1111111111111111,182,6.7407407407407405,6,0.2222222222222222
class_step_down,ASC,21,63,0.3333333333333333,1,6,21,1,21,0.047619047619047616,159,7.571428571428571,6,0.2857142857142857
recent_5_distance_m,ASC,27,81,0.3333333333333333,0,7,27,0,27,0.0,180,6.666666666666667,9,0.3333333333333333
recent_avg_place_3,ASC,27,81,0.3333333333333333,0,7,27,2,27,0.07407407407407407,180,6.666666666666667,6,0.2222222222222222
historical_run_quality_weighted_6,DESC,27,81,0.3333333333333333,0,6,27,1,27,0.037037037037037035,184,6.814814814814815,5,0.18518518518518517
recent_avg_place_5,ASC,27,81,0.3333333333333333,0,6,27,3,27,0.1111111111111111,179,6.62962962962963,7,0.25925925925925924
same_track_margin_quality,DESC,27,81,0.3333333333333333,0,6,27,2,27,0.07407407407407407,168,6.222222222222222,7,0.25925925925925924
similar_distance_finish_percentile_weighted,DESC,27,81,0.3333333333333333,0,6,27,5,27,0.18518518518518517,171,6.333333333333333,6,0.2222222222222222
similar_distance_finish_percentile_weighted_gap_to_best,ASC,27,81,0.3333333333333333,0,6,27,5,27,0.18518518518518517,171,6.333333333333333,6,0.2222222222222222
similar_distance_finish_percentile_weighted_minus_race_mean,DESC,27,81,0.3333333333333333,0,6,27,5,27,0.18518518518518517,171,6.333333333333333,6,0.2222222222222222
similar_distance_finish_percentile_weighted_minus_race_median,DESC,27,81,0.3333333333333333,0,6,27,5,27,0.18518518518518517,171,6.333333333333333,6,0.2222222222222222
similar_distance_finish_percentile_weighted_pct_in_race,DESC,27,81,0.3333333333333333,0,6,27,5,27,0.18518518518518517,171,6.333333333333333,6,0.2222222222222222
similar_distance_finish_percentile_weighted_rank_in_race,ASC,27,81,0.3333333333333333,0,6,27,5,27,0.18518518518518517,171,6.333333333333333,6,0.2222222222222222
similar_distance_finish_percentile_weighted_zscore_in_race,DESC,27,81,0.3333333333333333,0,6,27,5,27,0.18518518518518517,171,6.333333333333333,6,0.2222222222222222
condition_margin_quality,DESC,26,78,0.3333333333333333,0,6,26,1,26,0.038461538461538464,189,7.269230769230769,4,0.15384615384615385
sectional_last600_trend,DESC,22,66,0.3333333333333333,0,6,22,2,22,0.09090909090909091,148,6.7272727272727275,7,0.3181818181818182
best_run_recency_index,ASC,27,81,0.3333333333333333,0,5,27,1,27,0.037037037037037035,166,6.148148148148148,5,0.18518518518518517
form_ceiling_finish_percentile_6,DESC,27,81,0.3333333333333333,0,5,27,1,27,0.037037037037037035,198,7.333333333333333,6,0.2222222222222222
horse_jockey_wins,DESC,27,81,0.3333333333333333,0,5,27,2,27,0.07407407407407407,189,7.0,5,0.18518518518518517
margin_quality_ceiling_6,DESC,27,81,0.3333333333333333,0,5,27,1,27,0.037037037037037035,205,7.592592592592593,6,0.2222222222222222
recent_2_starting_price,ASC,27,81,0.3333333333333333,0,5,27,2,27,0.07407407407407407,174,6.444444444444445,6,0.2222222222222222
recent_best_place,ASC,27,81,0.3333333333333333,0,5,27,1,27,0.037037037037037035,197,7.296296296296297,6,0.2222222222222222
recent_finish_percentile_best_6,DESC,27,81,0.3333333333333333,0,5,27,1,27,0.037037037037037035,198,7.333333333333333,6,0.2222222222222222
recent_margin_best_6,ASC,27,81,0.3333333333333333,0,5,27,1,27,0.037037037037037035,205,7.592592592592593,6,0.2222222222222222
class_adjusted_finish_percentile_weighted_3,DESC,22,66,0.3333333333333333,0,5,22,3,22,0.13636363636363635,132,6.0,5,0.22727272727272727
class_adjusted_finish_percentile_weighted_3_gap_to_best,ASC,22,66,0.3333333333333333,0,5,22,3,22,0.13636363636363635,132,6.0,5,0.22727272727272727
class_adjusted_finish_percentile_weighted_3_minus_race_mean,DESC,22,66,0.3333333333333333,0,5,22,3,22,0.13636363636363635,132,6.0,5,0.22727272727272727
class_adjusted_finish_percentile_weighted_3_minus_race_median,DESC,22,66,0.3333333333333333,0,5,22,3,22,0.13636363636363635,132,6.0,5,0.22727272727272727
class_adjusted_finish_percentile_weighted_3_pct_in_race,DESC,22,66,0.3333333333333333,0,5,22,3,22,0.13636363636363635,132,6.0,5,0.22727272727272727
class_adjusted_finish_percentile_weighted_3_rank_in_race,ASC,22,66,0.3333333333333333,0,5,22,3,22,0.13636363636363635,132,6.0,5,0.22727272727272727
class_adjusted_finish_percentile_weighted_3_zscore_in_race,DESC,22,66,0.3333333333333333,0,5,22,3,22,0.13636363636363635,132,6.0,5,0.22727272727272727
class_change_vs_recent_3,DESC,22,66,0.3333333333333333,0,5,22,4,22,0.18181818181818182,143,6.5,7,0.3181818181818182
hidden_sectional_run_best_3,ASC,22,66,0.3333333333333333,0,5,22,1,22,0.045454545454545456,152,6.909090909090909,4,0.18181818181818182
hidden_sectional_run_best_3_gap_to_best,DESC,22,66,0.3333333333333333,0,5,22,1,22,0.045454545454545456,152,6.909090909090909,4,0.18181818181818182
hidden_sectional_run_best_3_minus_race_mean,ASC,22,66,0.3333333333333333,0,5,22,1,22,0.045454545454545456,152,6.909090909090909,4,0.18181818181818182
hidden_sectional_run_best_3_minus_race_median,ASC,22,66,0.3333333333333333,0,5,22,1,22,0.045454545454545456,152,6.909090909090909,4,0.18181818181818182
hidden_sectional_run_best_3_pct_in_race,ASC,22,66,0.3333333333333333,0,5,22,1,22,0.045454545454545456,152,6.909090909090909,4,0.18181818181818182
hidden_sectional_run_best_3_rank_in_race,DESC,22,66,0.3333333333333333,0,5,22,1,22,0.045454545454545456,152,6.909090909090909,4,0.18181818181818182
hidden_sectional_run_best_3_zscore_in_race,ASC,22,66,0.3333333333333333,0,5,22,1,22,0.045454545454545456,152,6.909090909090909,4,0.18181818181818182
recent_last600_best_6,ASC,22,66,0.3333333333333333,0,5,22,1,22,0.045454545454545456,144,6.545454545454546,4,0.18181818181818182
sectional_last600_best_6,ASC,22,66,0.3333333333333333,0,5,22,1,22,0.045454545454545456,144,6.545454545454546,4,0.18181818181818182
similar_distance_top3_rate,DESC,27,81,0.3333333333333333,0,4,27,1,27,0.037037037037037035,186,6.888888888888889,6,0.2222222222222222
recent_last600_weighted_6,ASC,22,66,0.3333333333333333,0,4,22,2,22,0.09090909090909091,135,6.136363636363637,6,0.2727272727272727
sectional_last600_seconds_weighted_6,ASC,22,66,0.3333333333333333,0,4,22,2,22,0.09090909090909091,135,6.136363636363637,6,0.2727272727272727
recent_1_track_status_value,ASC,10,30,0.3333333333333333,0,2,10,1,10,0.1,61,6.1,4,0.4
age,ASC,26,81,0.32098765432098764,1,7,27,1,27,0.037037037037037035,172,6.37037037037037,5,0.18518518518518517
market_implied_prob_change_fluc1_to_fluc2,DESC,26,81,0.32098765432098764,1,6,27,0,27,0.0,209,7.7407407407407405,6,0.2222222222222222
recent_1_total_runners,DESC,26,81,0.32098765432098764,1,6,27,5,27,0.18518518518518517,179,6.62962962962963,9,0.3333333333333333
recent_margin_slope_6,DESC,26,81,0.32098765432098764,1,6,27,4,27,0.14814814814814814,174,6.444444444444445,7,0.25925925925925924
historical_step_down_observations,ASC,26,81,0.32098765432098764,1,5,27,4,27,0.14814814814814814,175,6.481481481481482,8,0.2962962962962963
margin_quality_average_6,DESC,26,81,0.32098765432098764,1,5,27,0,27,0.0,198,7.333333333333333,4,0.14814814814814814
recent_margin_quality_avg_6,DESC,26,81,0.32098765432098764,1,5,27,0,27,0.0,198,7.333333333333333,4,0.14814814814814814
weight_kg,ASC,26,81,0.32098765432098764,1,4,27,3,27,0.1111111111111111,173,6.407407407407407,7,0.25925925925925924
jockey_history_starts,DESC,26,81,0.32098765432098764,0,8,27,3,27,0.1111111111111111,169,6.2592592592592595,8,0.2962962962962963
jockey_trainer_history_top3_excess,DESC,26,81,0.32098765432098764,0,7,27,1,27,0.037037037037037035,176,6.518518518518518,5,0.18518518518518517
dry_rating,DESC,26,81,0.32098765432098764,0,6,27,0,27,0.0,183,6.777777777777778,4,0.14814814814814814
dry_rating_rank,ASC,26,81,0.32098765432098764,0,6,27,0,27,0.0,183,6.777777777777778,4,0.14814814814814814
jockey_trainer_history_smoothed_top3_rate,DESC,26,81,0.32098765432098764,0,6,27,1,27,0.037037037037037035,179,6.62962962962963,3,0.1111111111111111
jockey_trainer_history_smoothed_top3_rate_gap_to_best,ASC,26,81,0.32098765432098764,0,6,27,1,27,0.037037037037037035,179,6.62962962962963,3,0.1111111111111111
jockey_trainer_history_smoothed_top3_rate_minus_race_mean,DESC,26,81,0.32098765432098764,0,6,27,1,27,0.037037037037037035,179,6.62962962962963,3,0.1111111111111111
jockey_trainer_history_smoothed_top3_rate_minus_race_median,DESC,26,81,0.32098765432098764,0,6,27,1,27,0.037037037037037035,179,6.62962962962963,3,0.1111111111111111
jockey_trainer_history_smoothed_top3_rate_pct_in_race,DESC,26,81,0.32098765432098764,0,6,27,1,27,0.037037037037037035,179,6.62962962962963,3,0.1111111111111111
jockey_trainer_history_smoothed_top3_rate_rank_in_race,ASC,26,81,0.32098765432098764,0,6,27,1,27,0.037037037037037035,179,6.62962962962963,3,0.1111111111111111
jockey_trainer_history_smoothed_top3_rate_zscore_in_race,DESC,26,81,0.32098765432098764,0,6,27,1,27,0.037037037037037035,179,6.62962962962963,3,0.1111111111111111
recent_weighted_avg_place,ASC,26,81,0.32098765432098764,0,6,27,1,27,0.037037037037037035,188,6.962962962962963,6,0.2222222222222222
recent_weighted_avg_place_rank,ASC,26,81,0.32098765432098764,0,6,27,1,27,0.037037037037037035,188,6.962962962962963,6,0.2222222222222222
soft_wins,ASC,26,81,0.32098765432098764,0,6,27,3,27,0.1111111111111111,144,5.333333333333333,7,0.25925925925925924
speed_rating,DESC,26,81,0.32098765432098764,0,6,27,1,27,0.037037037037037035,164,6.074074074074074,7,0.25925925925925924
speed_rating_rank,ASC,26,81,0.32098765432098764,0,6,27,1,27,0.037037037037037035,164,6.074074074074074,7,0.25925925925925924
wet_rating,DESC,26,81,0.32098765432098764,0,6,27,0,27,0.0,183,6.777777777777778,4,0.14814814814814814
wet_rating_rank,ASC,26,81,0.32098765432098764,0,6,27,0,27,0.0,183,6.777777777777778,4,0.14814814814814814
historical_market_overperformance_avg_3,DESC,26,81,0.32098765432098764,0,5,27,4,27,0.14814814814814814,160,5.925925925925926,7,0.25925925925925924
jockey_history_top3_excess,DESC,26,81,0.32098765432098764,0,5,27,3,27,0.1111111111111111,172,6.37037037037037,7,0.25925925925925924
market_implied_prob_change_open_to_fluc2,DESC,26,81,0.32098765432098764,0,5,27,0,27,0.0,201,7.444444444444445,3,0.1111111111111111
recent_margin_avg_6,ASC,26,81,0.32098765432098764,0,5,27,0,27,0.0,191,7.074074074074074,4,0.14814814814814814
recent_weighted_win_rate,DESC,26,81,0.32098765432098764,0,5,27,3,27,0.1111111111111111,189,7.0,5,0.18518518518518517
recent_weighted_win_rate_rank,ASC,26,81,0.32098765432098764,0,5,27,3,27,0.1111111111111111,189,7.0,5,0.18518518518518517
recent_wins,DESC,26,81,0.32098765432098764,0,3,27,1,27,0.037037037037037035,202,7.481481481481482,3,0.1111111111111111
recent_4_barrier,ASC,24,75,0.32,0,5,25,3,25,0.12,151,6.04,8,0.32
recent_last600_slope_3,DESC,21,66,0.3181818181818182,0,8,22,3,22,0.13636363636363635,144,6.545454545454546,6,0.2727272727272727
recent_last600_slope_6,DESC,21,66,0.3181818181818182,0,7,22,3,22,0.13636363636363635,142,6.454545454545454,5,0.22727272727272727
class_adjusted_finish_percentile_weighted_6,DESC,21,66,0.3181818181818182,0,3,22,2,22,0.09090909090909091,150,6.818181818181818,4,0.18181818181818182
sectional_closing_speed_ratio_weighted_3,DESC,21,66,0.3181818181818182,0,2,22,2,22,0.09090909090909091,132,6.0,9,0.4090909090909091
winningPartnership,ASC,16,51,0.3137254901960784,0,2,17,3,17,0.17647058823529413,104,6.117647058823529,5,0.29411764705882354
recentPodium,DESC,15,48,0.3125,0,3,16,1,16,0.0625,121,7.5625,2,0.125
historical_step_down_finish_percentile,DESC,25,81,0.30864197530864196,1,6,27,4,27,0.14814814814814814,176,6.518518518518518,7,0.25925925925925924
recent_finish_percentile_last_minus_avg3,DESC,25,81,0.30864197530864196,1,5,27,3,27,0.1111111111111111,167,6.185185185185185,9,0.3333333333333333
historical_market_overperformance_best_3,DESC,25,81,0.30864197530864196,1,4,27,3,27,0.1111111111111111,161,5.962962962962963,9,0.3333333333333333
recent_finish_percentile_avg3_minus_avg6,DESC,25,81,0.30864197530864196,1,4,27,4,27,0.14814814814814814,163,6.037037037037037,8,0.2962962962962963
recent_margin_quality_slope_3,ASC,25,81,0.30864197530864196,1,3,27,2,27,0.07407407407407407,174,6.444444444444445,9,0.3333333333333333
career_place_rate_rank,ASC,25,81,0.30864197530864196,0,6,27,0,27,0.0,196,7.2592592592592595,4,0.14814814814814814
career_win_rate_rank,ASC,25,81,0.30864197530864196,0,6,27,0,27,0.0,217,8.037037037037036,4,0.14814814814814814
distance_minus_recent_avg,DESC,25,81,0.30864197530864196,0,6,27,0,27,0.0,175,6.481481481481482,8,0.2962962962962963
first_up_starts,ASC,25,81,0.30864197530864196,0,6,27,2,27,0.07407407407407407,171,6.333333333333333,7,0.25925925925925924
horse_jockey_win_rate_rank,ASC,25,81,0.30864197530864196,0,6,27,3,27,0.1111111111111111,191,7.074074074074074,5,0.18518518518518517
jockey_market_rank_abs_gap,ASC,25,81,0.30864197530864196,0,6,27,3,27,0.1111111111111111,194,7.185185185185185,6,0.2222222222222222
jockey_trainer_history_runs,ASC,25,81,0.30864197530864196,0,6,27,4,27,0.14814814814814814,143,5.296296296296297,10,0.37037037037037035
place_percentage,DESC,25,81,0.30864197530864196,0,6,27,0,27,0.0,196,7.2592592592592595,4,0.14814814814814814
place_percentage_rank,ASC,25,81,0.30864197530864196,0,6,27,0,27,0.0,196,7.2592592592592595,4,0.14814814814814814
recent_min_weight_kg,DESC,25,81,0.30864197530864196,0,6,27,0,27,0.0,151,5.592592592592593,10,0.37037037037037035
win_percentage,DESC,25,81,0.30864197530864196,0,6,27,0,27,0.0,217,8.037037037037036,4,0.14814814814814814
win_percentage_rank,ASC,25,81,0.30864197530864196,0,6,27,0,27,0.0,217,8.037037037037036,4,0.14814814814814814
current_barrier_percentile,ASC,25,81,0.30864197530864196,0,5,27,5,27,0.18518518518518517,143,5.296296296296297,11,0.4074074074074074
draw_number,ASC,25,81,0.30864197530864196,0,5,27,5,27,0.18518518518518517,142,5.2592592592592595,11,0.4074074074074074
jockey_trainer_synergy,DESC,25,81,0.30864197530864196,0,5,27,3,27,0.1111111111111111,170,6.296296296296297,5,0.18518518518518517
recent_margin_best_3,ASC,25,81,0.30864197530864196,0,5,27,0,27,0.0,188,6.962962962962963,6,0.2222222222222222
recent_margin_quality_best_3,DESC,25,81,0.30864197530864196,0,5,27,0,27,0.0,188,6.962962962962963,6,0.2222222222222222
recent_weighted_avg_margin,ASC,25,81,0.30864197530864196,0,5,27,2,27,0.07407407407407407,182,6.7407407407407405,4,0.14814814814814814
recent_weighted_avg_margin_rank,ASC,25,81,0.30864197530864196,0,5,27,2,27,0.07407407407407407,182,6.7407407407407405,4,0.14814814814814814
recent_weighted_top3_rate,DESC,25,81,0.30864197530864196,0,5,27,2,27,0.07407407407407407,197,7.296296296296297,4,0.14814814814814814
recent_weighted_top3_rate_rank,ASC,25,81,0.30864197530864196,0,5,27,2,27,0.07407407407407407,197,7.296296296296297,4,0.14814814814814814
distance_win_rate_rank,ASC,25,81,0.30864197530864196,0,4,27,1,27,0.037037037037037035,196,7.2592592592592595,4,0.14814814814814814
last3_place_percentage,DESC,25,81,0.30864197530864196,0,4,27,3,27,0.1111111111111111,189,7.0,6,0.2222222222222222
last3_place_percentage_rank,ASC,25,81,0.30864197530864196,0,4,27,3,27,0.1111111111111111,189,7.0,6,0.2222222222222222
recent_1_weight_kg,DESC,25,81,0.30864197530864196,0,4,27,3,27,0.1111111111111111,198,7.333333333333333,8,0.2962962962962963
recent_finish_percentile_best_3,DESC,25,81,0.30864197530864196,0,4,27,0,27,0.0,189,7.0,6,0.2222222222222222
recent_top3_rate_5,DESC,25,81,0.30864197530864196,0,4,27,2,27,0.07407407407407407,196,7.2592592592592595,4,0.14814814814814814
recent_3_place,ASC,25,81,0.30864197530864196,0,3,27,3,27,0.1111111111111111,168,6.222222222222222,7,0.25925925925925924
recent_win_rate_5,DESC,25,81,0.30864197530864196,0,3,27,2,27,0.07407407407407407,190,7.037037037037037,4,0.14814814814814814
heavy_wins,ASC,24,78,0.3076923076923077,0,6,26,0,26,0.0,166,6.384615384615385,6,0.23076923076923078
best_run_within_last_3,DESC,24,78,0.3076923076923077,0,5,26,0,26,0.0,172,6.615384615384615,7,0.2692307692307692
good_wins,ASC,24,78,0.3076923076923077,0,5,26,5,26,0.19230769230769232,144,5.538461538461538,10,0.38461538461538464
current_minus_recent_barrier_percentile,DESC,23,75,0.30666666666666664,2,3,25,1,25,0.04,162,6.48,8,0.32
jockey_trainer_history_wins,DESC,23,75,0.30666666666666664,0,8,25,0,25,0.0,167,6.68,5,0.2
recent_barrier_percentile_weighted_6,DESC,23,75,0.30666666666666664,0,5,25,4,25,0.16,161,6.44,8,0.32
trackExpert,ASC,18,60,0.3,0,5,20,2,20,0.1,120,6.0,4,0.2
recent_4_track_status_value,DESC,9,30,0.3,0,1,10,1,10,0.1,78,7.8,4,0.4
second_up_starts,ASC,24,81,0.2962962962962963,1,6,27,1,27,0.037037037037037035,179,6.62962962962963,8,0.2962962962962963
heavy_starts,ASC,24,81,0.2962962962962963,1,4,27,3,27,0.1111111111111111,168,6.222222222222222,8,0.2962962962962963
recent_best_margin,ASC,24,81,0.2962962962962963,1,4,27,0,27,0.0,223,8.25925925925926,2,0.07407407407407407
career_thirds,ASC,24,81,0.2962962962962963,0,7,27,3,27,0.1111111111111111,148,5.481481481481482,9,0.3333333333333333
jockey_trainer_history_top3,DESC,24,81,0.2962962962962963,0,7,27,0,27,0.0,185,6.851851851851852,3,0.1111111111111111
jockey_trainer_history_top3_rate,DESC,24,81,0.2962962962962963,0,7,27,4,27,0.14814814814814814,161,5.962962962962963,6,0.2222222222222222
race_signal_agreement_rank,ASC,24,81,0.2962962962962963,0,7,27,2,27,0.07407407407407407,217,8.037037037037036,4,0.14814814814814814
second_up_wins,ASC,24,81,0.2962962962962963,0,7,27,3,27,0.1111111111111111,165,6.111111111111111,9,0.3333333333333333
distance_wins,ASC,24,81,0.2962962962962963,0,6,27,4,27,0.14814814814814814,150,5.555555555555555,7,0.25925925925925924
jockey_trainer_history_starts,ASC,24,81,0.2962962962962963,0,6,27,4,27,0.14814814814814814,144,5.333333333333333,9,0.3333333333333333
career_rank_minus_market_rank,DESC,24,81,0.2962962962962963,0,5,27,3,27,0.1111111111111111,159,5.888888888888889,8,0.2962962962962963
career_seconds,ASC,24,81,0.2962962962962963,0,5,27,2,27,0.07407407407407407,189,7.0,5,0.18518518518518517
distance_starts,ASC,24,81,0.2962962962962963,0,5,27,1,27,0.037037037037037035,165,6.111111111111111,8,0.2962962962962963
historical_run_quality_avg_3,DESC,24,81,0.2962962962962963,0,5,27,3,27,0.1111111111111111,184,6.814814814814815,5,0.18518518518518517
historical_run_quality_best_3,DESC,24,81,0.2962962962962963,0,5,27,0,27,0.0,185,6.851851851851852,6,0.2222222222222222
race_signal_agreement_score,ASC,24,81,0.2962962962962963,0,5,27,6,27,0.2222222222222222,132,4.888888888888889,13,0.48148148148148145
recent_places,DESC,24,81,0.2962962962962963,0,5,27,1,27,0.037037037037037035,208,7.703703703703703,5,0.18518518518518517
prize_money_rank_minus_market_rank,DESC,24,81,0.2962962962962963,0,4,27,0,27,0.0,200,7.407407407407407,4,0.14814814814814814
recent_2_margin,ASC,24,81,0.2962962962962963,0,4,27,0,27,0.0,192,7.111111111111111,6,0.2222222222222222
recent_finish_percentile_slope_3,DESC,24,81,0.2962962962962963,0,4,27,2,27,0.07407407407407407,182,6.7407407407407405,5,0.18518518518518517
recent_max_weight_kg,ASC,24,81,0.2962962962962963,0,4,27,3,27,0.1111111111111111,167,6.185185185185185,10,0.37037037037037035
career_market_rank_abs_gap,ASC,24,81,0.2962962962962963,0,3,27,2,27,0.07407407407407407,183,6.777777777777778,8,0.2962962962962963
distance_step_up_m,ASC,24,81,0.2962962962962963,0,2,27,1,27,0.037037037037037035,183,6.777777777777778,8,0.2962962962962963
distance_step_up_pct,ASC,24,81,0.2962962962962963,0,2,27,1,27,0.037037037037037035,183,6.777777777777778,8,0.2962962962962963
horse_jockey_starts,DESC,24,81,0.2962962962962963,0,2,27,2,27,0.07407407407407407,195,7.222222222222222,8,0.2962962962962963
first_up_win_rate_rank,DESC,23,78,0.2948717948717949,0,5,26,3,26,0.11538461538461539,151,5.8076923076923075,10,0.38461538461538464
first_up_wins,ASC,23,78,0.2948717948717949,0,5,26,3,26,0.11538461538461539,147,5.653846153846154,10,0.38461538461538464
best_run_within_last_2,DESC,23,78,0.2948717948717949,0,3,26,0,26,0.0,174,6.6923076923076925,5,0.19230769230769232
recent_barrier_percentile_avg_3,DESC,22,75,0.29333333333333333,1,3,25,2,25,0.08,150,6.0,8,0.32
recent_2_barrier,DESC,22,75,0.29333333333333333,0,5,25,1,25,0.04,176,7.04,4,0.16
trackFamiliarity,ASC,14,48,0.2916666666666667,0,1,16,2,16,0.125,112,7.0,5,0.3125
sectional_average_6,DESC,19,66,0.2878787878787879,0,3,22,1,22,0.045454545454545456,120,5.454545454545454,9,0.4090909090909091
secondUpWinner,DESC,18,63,0.2857142857142857,1,2,21,1,21,0.047619047619047616,142,6.761904761904762,5,0.23809523809523808
recent_6_place,DESC,23,81,0.2839506172839506,1,6,27,2,27,0.07407407407407407,152,5.62962962962963,10,0.37037037037037035
recent_2_place,DESC,23,81,0.2839506172839506,1,3,27,1,27,0.037037037037037035,149,5.518518518518518,10,0.37037037037037035
fluc1,ASC,23,81,0.2839506172839506,0,6,27,0,27,0.0,196,7.2592592592592595,0,0.0
fluc1_price_rank,ASC,23,81,0.2839506172839506,0,6,27,0,27,0.0,196,7.2592592592592595,0,0.0
fluc2,ASC,23,81,0.2839506172839506,0,6,27,0,27,0.0,198,7.333333333333333,0,0.0
fluc2_price_rank,ASC,23,81,0.2839506172839506,0,6,27,0,27,0.0,198,7.333333333333333,0,0.0
race_consensus_rank,ASC,23,81,0.2839506172839506,0,6,27,0,27,0.0,202,7.481481481481482,1,0.037037037037037035
race_consensus_score,ASC,23,81,0.2839506172839506,0,6,27,0,27,0.0,202,7.481481481481482,1,0.037037037037037035
recent3_vs_career_place_rate,DESC,23,81,0.2839506172839506,0,6,27,2,27,0.07407407407407407,184,6.814814814814815,6,0.2222222222222222
recent_form_vs_career_form,DESC,23,81,0.2839506172839506,0,6,27,2,27,0.07407407407407407,184,6.814814814814815,6,0.2222222222222222
track_win_rate_rank,ASC,23,81,0.2839506172839506,0,6,27,1,27,0.037037037037037035,184,6.814814814814815,4,0.14814814814814814
historical_market_overperformance_avg_6,DESC,23,81,0.2839506172839506,0,5,27,3,27,0.1111111111111111,190,7.037037037037037,6,0.2222222222222222
prize_money,ASC,23,81,0.2839506172839506,0,5,27,2,27,0.07407407407407407,184,6.814814814814815,9,0.3333333333333333
prize_money_rank,DESC,23,81,0.2839506172839506,0,5,27,2,27,0.07407407407407407,184,6.814814814814815,9,0.3333333333333333
recent_3_distance_m,DESC,23,81,0.2839506172839506,0,5,27,2,27,0.07407407407407407,153,5.666666666666667,11,0.4074074074074074
trainer_recent_top3_excess,DESC,23,81,0.2839506172839506,0,5,27,3,27,0.1111111111111111,176,6.518518518518518,8,0.2962962962962963
distance_change_last_run,ASC,23,81,0.2839506172839506,0,4,27,3,27,0.1111111111111111,181,6.703703703703703,7,0.25925925925925924
distance_change_pct_last_run,ASC,23,81,0.2839506172839506,0,4,27,3,27,0.1111111111111111,181,6.703703703703703,7,0.25925925925925924
historical_run_quality_slope_3,DESC,23,81,0.2839506172839506,0,4,27,1,27,0.037037037037037035,182,6.7407407407407405,6,0.2222222222222222
recent_1_distance_m,DESC,23,81,0.2839506172839506,0,4,27,3,27,0.1111111111111111,181,6.703703703703703,7,0.25925925925925924
recent_2_total_runners,DESC,23,81,0.2839506172839506,0,4,27,0,27,0.0,190,7.037037037037037,1,0.037037037037037035
recent_4_distance_m,ASC,23,81,0.2839506172839506,0,4,27,2,27,0.07407407407407407,164,6.074074074074074,6,0.2222222222222222
recent_days_since_last_run,DESC,23,81,0.2839506172839506,0,4,27,3,27,0.1111111111111111,171,6.333333333333333,9,0.3333333333333333
recent_avg_margin,ASC,23,81,0.2839506172839506,0,3,27,0,27,0.0,189,7.0,4,0.14814814814814814
historical_step_up_observations,DESC,23,81,0.2839506172839506,0,2,27,4,27,0.14814814814814814,160,5.925925925925926,9,0.3333333333333333
same_track_distance_runs,ASC,22,78,0.28205128205128205,1,5,26,3,26,0.11538461538461539,176,6.769230769230769,6,0.23076923076923078
condition_win_rate_smoothed,DESC,22,78,0.28205128205128205,0,6,26,0,26,0.0,207,7.961538461538462,0,0.0
last3_win_percentage,DESC,22,78,0.28205128205128205,0,5,26,0,26,0.0,176,6.769230769230769,5,0.19230769230769232
last3_win_percentage_rank,ASC,22,78,0.28205128205128205,0,5,26,0,26,0.0,176,6.769230769230769,5,0.19230769230769232
condition_finish_percentile,DESC,22,78,0.28205128205128205,0,3,26,1,26,0.038461538461538464,195,7.5,3,0.11538461538461539
goodGroundPro,ASC,16,57,0.2807017543859649,0,3,19,3,19,0.15789473684210525,113,5.947368421052632,5,0.2631578947368421
recent_1_barrier,ASC,21,75,0.28,0,6,25,0,25,0.0,155,6.2,6,0.24
distance_step_down_m,ASC,21,75,0.28,0,5,25,0,25,0.0,169,6.76,7,0.28
distance_step_down_pct,ASC,21,75,0.28,0,5,25,0,25,0.0,169,6.76,7,0.28
recent_6_barrier,DESC,21,75,0.28,0,5,25,3,25,0.12,175,7.0,7,0.28
recent_same_track_runs,DESC,21,75,0.28,0,3,25,0,25,0.0,173,6.92,8,0.32
best_finish_percentile_at_stronger_class,DESC,18,66,0.2727272727272727,0,4,22,2,22,0.09090909090909091,161,7.318181818181818,4,0.18181818181818182
class_adjusted_margin_quality_weighted_6,DESC,18,66,0.2727272727272727,0,3,22,2,22,0.09090909090909091,145,6.590909090909091,3,0.13636363636363635
performance_at_current_or_stronger_class,DESC,18,66,0.2727272727272727,0,3,22,2,22,0.09090909090909091,155,7.045454545454546,4,0.18181818181818182
recent_last600_avg_3,ASC,18,66,0.2727272727272727,0,3,22,3,22,0.13636363636363635,127,5.7727272727272725,6,0.2727272727272727
recent_finish_percentile_std_6,ASC,22,81,0.2716049382716049,1,6,27,2,27,0.07407407407407407,171,6.333333333333333,6,0.2222222222222222
recent_margin_std_6,ASC,22,81,0.2716049382716049,1,4,27,1,27,0.037037037037037035,183,6.777777777777778,4,0.14814814814814814
historical_market_overperformance_slope_3,DESC,22,81,0.2716049382716049,1,3,27,2,27,0.07407407407407407,172,6.37037037037037,6,0.2222222222222222
form_consistency_finish_percentile_6,ASC,22,81,0.2716049382716049,0,6,27,3,27,0.1111111111111111,185,6.851851851851852,6,0.2222222222222222
market_price_range_pct,ASC,22,81,0.2716049382716049,0,6,27,0,27,0.0,187,6.925925925925926,3,0.1111111111111111
recent_3_total_runners,ASC,22,81,0.2716049382716049,0,6,27,3,27,0.1111111111111111,179,6.62962962962963,5,0.18518518518518517
second_up_win_rate_rank,DESC,22,81,0.2716049382716049,0,6,27,3,27,0.1111111111111111,167,6.185185185185185,9,0.3333333333333333
soft_starts,ASC,22,81,0.2716049382716049,0,6,27,2,27,0.07407407407407407,164,6.074074074074074,7,0.25925925925925924
jockey_trainer_recent_top3_excess,DESC,22,81,0.2716049382716049,0,5,27,3,27,0.1111111111111111,165,6.111111111111111,6,0.2222222222222222
race_overlay_rank,DESC,22,81,0.2716049382716049,0,5,27,3,27,0.1111111111111111,146,5.407407407407407,9,0.3333333333333333
race_overlay_score,ASC,22,81,0.2716049382716049,0,5,27,3,27,0.1111111111111111,146,5.407407407407407,9,0.3333333333333333
recent_6_distance_m,ASC,22,81,0.2716049382716049,0,5,27,3,27,0.1111111111111111,173,6.407407407407407,6,0.2222222222222222
recent_best_similar_distance_speed_mps,DESC,22,81,0.2716049382716049,0,5,27,4,27,0.14814814814814814,177,6.555555555555555,7,0.25925925925925924
recent_similar_distance_speed_rank,ASC,22,81,0.2716049382716049,0,5,27,4,27,0.14814814814814814,177,6.555555555555555,7,0.25925925925925924
recent_weighted_avg_weight_kg,ASC,22,81,0.2716049382716049,0,5,27,3,27,0.1111111111111111,172,6.37037037037037,10,0.37037037037037035
track_wins,DESC,22,81,0.2716049382716049,0,5,27,2,27,0.07407407407407407,175,6.481481481481482,7,0.25925925925925924
market_open_to_fluc2_move_pct,ASC,22,81,0.2716049382716049,0,4,27,0,27,0.0,198,7.333333333333333,4,0.14814814814814814
market_steam_rank,ASC,22,81,0.2716049382716049,0,4,27,0,27,0.0,198,7.333333333333333,4,0.14814814814814814
recent_2_weight_kg,DESC,22,81,0.2716049382716049,0,4,27,2,27,0.07407407407407407,196,7.2592592592592595,3,0.1111111111111111
recent_4_place,ASC,22,81,0.2716049382716049,0,4,27,2,27,0.07407407407407407,168,6.222222222222222,7,0.25925925925925924
recent_4_weight_kg,DESC,22,81,0.2716049382716049,0,4,27,5,27,0.18518518518518517,147,5.444444444444445,11,0.4074074074074074
recent_6_starting_price,ASC,22,81,0.2716049382716049,0,4,27,1,27,0.037037037037037035,187,6.925925925925926,3,0.1111111111111111
recent_margin_last_minus_avg3,ASC,22,81,0.2716049382716049,0,4,27,4,27,0.14814814814814814,168,6.222222222222222,9,0.3333333333333333
recent_margin_slope_3,ASC,22,81,0.2716049382716049,0,4,27,3,27,0.1111111111111111,180,6.666666666666667,7,0.25925925925925924
weight_change_vs_recent_weighted_avg,DESC,22,81,0.2716049382716049,0,4,27,2,27,0.07407407407407407,181,6.703703703703703,9,0.3333333333333333
market_fluc1_to_fluc2_move_pct,DESC,22,81,0.2716049382716049,0,3,27,3,27,0.1111111111111111,139,5.148148148148148,12,0.4444444444444444
recent_6_weight_kg,DESC,22,81,0.2716049382716049,0,3,27,2,27,0.07407407407407407,174,6.444444444444445,8,0.2962962962962963
same_track_runs,DESC,22,81,0.2716049382716049,0,3,27,0,27,0.0,179,6.62962962962963,9,0.3333333333333333
current_weight_minus_recent_avg,ASC,22,81,0.2716049382716049,0,2,27,4,27,0.14814814814814814,173,6.407407407407407,8,0.2962962962962963
weight_change_vs_recent_avg,ASC,22,81,0.2716049382716049,0,2,27,4,27,0.14814814814814814,173,6.407407407407407,8,0.2962962962962963
class_change_last_run,DESC,17,63,0.2698412698412698,1,3,21,2,21,0.09523809523809523,159,7.571428571428571,4,0.19047619047619047
recent_barrier_percentile_std_6,ASC,20,75,0.26666666666666666,1,4,25,4,25,0.16,159,6.36,8,0.32
recent_3_barrier,ASC,20,75,0.26666666666666666,0,6,25,3,25,0.12,177,7.08,7,0.28
recent_5_barrier,ASC,20,75,0.26666666666666666,0,5,25,1,25,0.04,179,7.16,4,0.16
distanceFamiliarity,ASC,20,75,0.26666666666666666,0,3,25,2,25,0.08,174,6.96,5,0.2
recent_2_track_status_value,ASC,8,30,0.26666666666666666,0,2,10,0,10,0.0,76,7.6,3,0.3
softGroundPro,DESC,19,72,0.2638888888888889,0,5,24,0,24,0.0,183,7.625,5,0.20833333333333334
class_step_up,ASC,15,57,0.2631578947368421,0,4,19,1,19,0.05263157894736842,132,6.947368421052632,4,0.21052631578947367
track_starts,ASC,21,81,0.25925925925925924,1,3,27,1,27,0.037037037037037035,197,7.296296296296297,5,0.18518518518518517
current_weight_change_pct,DESC,21,81,0.25925925925925924,0,4,27,3,27,0.1111111111111111,171,6.333333333333333,8,0.2962962962962963
current_weight_minus_last,DESC,21,81,0.25925925925925924,0,4,27,2,27,0.07407407407407407,174,6.444444444444445,8,0.2962962962962963
jockey_recent_top3_excess,ASC,21,81,0.25925925925925924,0,4,27,2,27,0.07407407407407407,153,5.666666666666667,9,0.3333333333333333
prize_money_market_rank_abs_gap,DESC,21,81,0.25925925925925924,0,4,27,2,27,0.07407407407407407,172,6.37037037037037,7,0.25925925925925924
recent_5_place,DESC,21,81,0.25925925925925924,0,4,27,3,27,0.1111111111111111,151,5.592592592592593,7,0.25925925925925924
recent_avg_similar_distance_speed_mps,ASC,21,81,0.25925925925925924,0,4,27,1,27,0.037037037037037035,171,6.333333333333333,11,0.4074074074074074
weight_change_from_last_run,DESC,21,81,0.25925925925925924,0,4,27,2,27,0.07407407407407407,174,6.444444444444445,8,0.2962962962962963
condition_runs,ASC,21,81,0.25925925925925924,0,3,27,2,27,0.07407407407407407,182,6.7407407407407405,4,0.14814814814814814
recent_same_condition_runs,ASC,21,81,0.25925925925925924,0,3,27,2,27,0.07407407407407407,182,6.7407407407407405,4,0.14814814814814814
abs_distance_change_last_run,ASC,21,81,0.25925925925925924,0,2,27,1,27,0.037037037037037035,177,6.555555555555555,8,0.2962962962962963
recent_6_margin,ASC,21,81,0.25925925925925924,0,2,27,2,27,0.07407407407407407,204,7.555555555555555,4,0.14814814814814814
recent_last600_avg_6,ASC,17,66,0.25757575757575757,0,2,22,2,22,0.09090909090909091,133,6.045454545454546,5,0.22727272727272727
recent_last600_weighted_3,ASC,17,66,0.25757575757575757,0,2,22,2,22,0.09090909090909091,136,6.181818181818182,4,0.18181818181818182
sectional_last600_seconds_weighted_3,ASC,17,66,0.25757575757575757,0,2,22,2,22,0.09090909090909091,136,6.181818181818182,4,0.18181818181818182
condition_top3_rate_smoothed,ASC,20,78,0.2564102564102564,0,5,26,5,26,0.19230769230769232,132,5.076923076923077,10,0.38461538461538464
freshWinner,DESC,16,63,0.25396825396825395,0,2,21,0,21,0.0,157,7.476190476190476,1,0.047619047619047616
recent_6_total_runners,ASC,20,81,0.24691358024691357,1,4,27,3,27,0.1111111111111111,183,6.777777777777778,4,0.14814814814814814
recent6_vs_career_place_rate,DESC,20,81,0.24691358024691357,1,3,27,1,27,0.037037037037037035,200,7.407407407407407,5,0.18518518518518517
second_best_run_recency_index,ASC,20,81,0.24691358024691357,1,3,27,3,27,0.1111111111111111,163,6.037037037037037,8,0.2962962962962963
recent_5_total_runners,ASC,20,81,0.24691358024691357,0,5,27,0,27,0.0,185,6.851851851851852,4,0.14814814814814814
market_open_to_fluc1_move_pct,ASC,20,81,0.24691358024691357,0,4,27,1,27,0.037037037037037035,193,7.148148148148148,3,0.1111111111111111
recent_5_starting_price,ASC,20,81,0.24691358024691357,0,4,27,0,27,0.0,202,7.481481481481482,3,0.1111111111111111
recent_avg_speed_mps,ASC,20,81,0.24691358024691357,0,4,27,1,27,0.037037037037037035,185,6.851851851851852,8,0.2962962962962963
recent_finish_percentile_slope_6,DESC,20,81,0.24691358024691357,0,4,27,3,27,0.1111111111111111,160,5.925925925925926,6,0.2222222222222222
form_ceiling_minus_average,ASC,20,81,0.24691358024691357,0,3,27,1,27,0.037037037037037035,191,7.074074074074074,4,0.14814814814814814
recent_3_starting_price,ASC,20,81,0.24691358024691357,0,3,27,2,27,0.07407407407407407,172,6.37037037037037,7,0.25925925925925924
recent_4_starting_price,ASC,20,81,0.24691358024691357,0,3,27,3,27,0.1111111111111111,159,5.888888888888889,5,0.18518518518518517
recent_best_speed_mps,DESC,20,81,0.24691358024691357,0,3,27,3,27,0.1111111111111111,170,6.296296296296297,8,0.2962962962962963
recent_best_speed_rank,ASC,20,81,0.24691358024691357,0,3,27,3,27,0.1111111111111111,170,6.296296296296297,8,0.2962962962962963
trainer_history_starts,DESC,20,81,0.24691358024691357,0,3,27,1,27,0.037037037037037035,187,6.925925925925926,7,0.25925925925925924
best_margin_quality_at_equal_or_higher_weight,DESC,20,81,0.24691358024691357,0,2,27,1,27,0.037037037037037035,202,7.481481481481482,6,0.2222222222222222
current_weight_minus_recent_weighted_avg,ASC,20,81,0.24691358024691357,0,2,27,4,27,0.14814814814814814,179,6.62962962962963,8,0.2962962962962963
recent_4_total_runners,ASC,20,81,0.24691358024691357,0,2,27,3,27,0.1111111111111111,176,6.518518518518518,5,0.18518518518518517
recent_avg_weight_kg,DESC,20,81,0.24691358024691357,0,2,27,2,27,0.07407407407407407,178,6.592592592592593,7,0.25925925925925924
distance_speed_rank_minus_market_rank,DESC,20,81,0.24691358024691357,0,1,27,3,27,0.1111111111111111,188,6.962962962962963,6,0.2222222222222222
best_margin_quality_at_stronger_class,DESC,16,66,0.24242424242424243,0,2,22,2,22,0.09090909090909091,155,7.045454545454546,4,0.18181818181818182
abs_distance_minus_recent_weighted_avg,ASC,19,81,0.2345679012345679,0,4,27,1,27,0.037037037037037035,167,6.185185185185185,5,0.18518518518518517
margin_quality_consistency_6,DESC,19,81,0.2345679012345679,0,4,27,1,27,0.037037037037037035,167,6.185185185185185,7,0.25925925925925924
best_finish_percentile_at_equal_or_higher_weight,DESC,19,81,0.2345679012345679,0,2,27,2,27,0.07407407407407407,199,7.37037037037037,5,0.18518518518518517
recent_same_distance_runs,ASC,19,81,0.2345679012345679,0,2,27,3,27,0.1111111111111111,158,5.851851851851852,9,0.3333333333333333
recent_4_margin,ASC,19,81,0.2345679012345679,0,1,27,0,27,0.0,177,6.555555555555555,3,0.1111111111111111
distance_speed_market_rank_abs_gap,ASC,18,81,0.2222222222222222,0,5,27,2,27,0.07407407407407407,189,7.0,7,0.25925925925925924
recent_3_weight_kg,ASC,18,81,0.2222222222222222,0,4,27,4,27,0.14814814814814814,171,6.333333333333333,6,0.2222222222222222
distance_minus_recent_weighted_avg,DESC,18,81,0.2222222222222222,0,2,27,2,27,0.07407407407407407,180,6.666666666666667,6,0.2222222222222222
historical_step_up_finish_percentile,ASC,18,81,0.2222222222222222,0,2,27,7,27,0.25925925925925924,140,5.185185185185185,13,0.48148148148148145
recent_2_distance_m,DESC,18,81,0.2222222222222222,0,2,27,1,27,0.037037037037037035,171,6.333333333333333,6,0.2222222222222222
recent_5_margin,ASC,18,81,0.2222222222222222,0,2,27,1,27,0.037037037037037035,204,7.555555555555555,6,0.2222222222222222
similar_distance_runs,ASC,18,81,0.2222222222222222,0,2,27,3,27,0.1111111111111111,168,6.222222222222222,7,0.25925925925925924
sectional_closing_speed_ratio_weighted_6,DESC,14,66,0.21212121212121213,0,0,22,2,22,0.09090909090909091,129,5.863636363636363,6,0.2727272727272727
margin_rank_minus_market_rank,ASC,17,81,0.20987654320987653,0,3,27,3,27,0.1111111111111111,161,5.962962962962963,7,0.25925925925925924
market_fluc1_to_fluc2_move,DESC,17,81,0.20987654320987653,0,1,27,2,27,0.07407407407407407,138,5.111111111111111,11,0.4074074074074074
recent_6_track_status_value,ASC,6,30,0.2,0,0,10,1,10,0.1,71,7.1,2,0.2
recent_5_weight_kg,ASC,16,81,0.19753086419753085,0,4,27,2,27,0.07407407407407407,175,6.481481481481482,5,0.18518518518518517
market_open_to_fluc1_move,DESC,16,81,0.19753086419753085,0,2,27,2,27,0.07407407407407407,164,6.074074074074074,10,0.37037037037037035
market_open_to_fluc2_move,ASC,15,81,0.18518518518518517,0,1,27,1,27,0.037037037037037035,192,7.111111111111111,5,0.18518518518518517
recent_5_track_status_value,ASC,5,30,0.16666666666666666,0,1,10,0,10,0.0,63,6.3,2,0.2
